Component,Product Name,Brand,Current Price,Old Price,Discount Amount,Stock Status
Graphics Card,INNO3D GeForce RTX 5060 Ti 8GB TWIN X2 OC Graphics Card,INNO3D,"৳ 66,900","৳ 69,000","৳ 2,100",In Stock
Graphics Card,ASUS Dual Radeon RX 9060 XT 16GB GDDR6 Graphics Card (White),ASUS,"৳ 71,900","৳ 72,500",৳ 600,In Stock
Graphics Card,ASUS Dual Radeon RX 9060 XT 16GB GDDR6 Graphics Card,ASUS,"৳ 59,500","৳ 71,900","৳ 12,400",In Stock
Graphics Card,ASUS Prime Radeon RX 9060 XT OC Edition 16GB GDDR6 Graphics Card,ASUS,"৳ 77,500","৳ 78,000",৳ 500,In Stock
Graphics Card,ASUS Dual Radeon RX 6500 XT V2 OC Edition 4GB GDDR6 Graphics Card,ASUS,"৳ 25,500","৳ 26,000",৳ 500,In Stock
Graphics Card,ARKTEK AMD Radeon RX 550 4GB GDDR5 Graphics Card,ARKTEK,"৳ 12,500","৳ 13,500","৳ 1,000",In Stock
Graphics Card,ARKTEK AMD Radeon RX 5600 6GB GDDR6 Graphics Card,ARKTEK,"৳ 22,000","৳ 25,000","৳ 3,000",In Stock
Graphics Card,ARKTEK AMD Radeon RX 7600 XT 8GB GDDR6 Graphics Card,ARKTEK,"৳ 43,000","৳ 47,300","৳ 4,300",In Stock
Graphics Card,ARKTEK AMD Radeon RX 550 8GB GDDR5 Graphics Card,ARKTEK,"৳ 16,500","৳ 19,500","৳ 3,000",In Stock
Graphics Card,ARKTEK GeForce GTX1660Ti 6GB V2 6GB GDDR6 Graphics Card,ARKTEK,"৳ 26,000","৳ 28,000","৳ 2,000",In Stock
Graphics Card,Manli Nebula V2 GeForce RTX 5060 Ti 16GB GDDR7 Graphics Card,Manli,"৳ 79,999","৳ 89,000","৳ 9,001",In Stock
Graphics Card,Yeston Nvidia GeForce RTX 5060 Game ACE 8GB GDDR7 Gaming Graphics Card,Yeston,"৳ 51,800","৳ 52,500",৳ 700,In Stock
Graphics Card,Yeston Nvidia GeForce RTX 5060 GAEA 8GB GDDR7 Gaming Graphics Card,Yeston,"৳ 49,800","৳ 50,500",৳ 700,In Stock
Graphics Card,ARKTEK NVIDIA Geforce GTX1660 Super 6GB GDDR6 Graphics Card,ARKTEK,"৳ 26,000","৳ 28,000","৳ 2,000",In Stock
Graphics Card,ARKTEK NVIDIA Geforce RTX3050 8GB GDDR6 Graphics Card,ARKTEK,"৳ 36,000","৳ 39,000","৳ 3,000",In Stock
Graphics Card,ARKTEK NVIDIA Geforce RTX2070 SUPER 8GB GDDR6 Graphics Card,ARKTEK,"৳ 40,000","৳ 42,000","৳ 2,000",In Stock
Graphics Card,Colorful iGame GeForce RTX 5060 Ultra W DUO OC 8GB-V GDDR7 Graphics Card,Colorful,"৳ 55,900","৳ 61,000","৳ 5,100",In Stock
Graphics Card,Colorful iGame GeForce RTX 5060 Ti Ultra W OC 16GB-V GDDR7 Graphics Card,Colorful,"৳ 88,500","৳ 97,000","৳ 8,500",In Stock
Graphics Card,Colorful GeForce RTX 5060 Ti Gaming 8GB-V GDDR7 Graphics Card,Colorful,"৳ 63,500","৳ 69,500","৳ 6,000",In Stock
Graphics Card,Colorful GeForce RTX 5050 NB Battle AX DUO 8GB-V GDDR6 Graphics Card,Colorful,"৳ 41,000","৳ 43,500","৳ 2,500",In Stock
Graphics Card,Colorful GeForce RTX 5060 Gaming 8GB-V GDDR7 Graphics Card,Colorful,"৳ 53,900","৳ 59,000","৳ 5,100",In Stock
Graphics Card,Colorful GeForce RTX 5060 Ti Gaming 16GB-V GDDR7 Graphics Card,Colorful,"৳ 86,000","৳ 94,000","৳ 8,000",In Stock
Graphics Card,Colorful GeForce RTX 5060 Ti Gaming DUO 16GB-V GDDR7 Graphics Card,Colorful,"৳ 85,900","৳ 89,000","৳ 3,100",In Stock
Graphics Card,Colorful GeForce RTX 5060 Ti Battle AX NB DUO 16GB-V GDDR7 Graphics Card,Colorful,"৳ 87,000","৳ 90,000","৳ 3,000",In Stock
Graphics Card,Colorful GeForce RTX 5060 Ti Gaming DUO 8GB-V GDDR7 Graphics Card,Colorful,"৳ 62,900","৳ 68,900","৳ 6,000",In Stock
Graphics Card,Colorful GeForce RTX 5060 Ti Battle AX DUO 8GB-V GDDR7 Graphics Card,Colorful,"৳ 63,900","৳ 69,000","৳ 5,100",In Stock
Graphics Card,Gunnir Intel Arc A770 Tri 16G GDDR6 Graphics Card,Gunnir,"৳ 39,500","৳ 40,500","৳ 1,000",In Stock
Graphics Card,AFOX Geforce GTX1050Ti 4GB GDDR5 128Bit Dual Fan Graphics Card,AFOX,"৳ 22,000","৳ 24,500","৳ 2,500",In Stock
Graphics Card,SAPPHIRE AMD RADEON AI PRO R9700 32GB GDDR6 Graphics Card,SAPPHIRE,"৳ 225,000","৳ 227,000","৳ 2,000",In Stock
Graphics Card,ASUS ProArt GeForce RTX 5070 Ti OC Edition 16GB GDDR7 Graphics Card,ASUS,"৳ 150,000","৳ 190,000","৳ 40,000",In Stock
Graphics Card,GIGABYTE Radeon RX 9070 XT GAMING 16G GRAPHICS CARD,GIGABYTE,"৳ 104,999","৳ 115,000","৳ 10,001",In Stock
Graphics Card,ASUS PRIME GeForce RTX 5060 Ti OC 8GB GDDR7 Graphics Card,ASUS,"৳ 59,999","৳ 69,000","৳ 9,001",In Stock
Graphics Card,Gigabyte GeForce RTX 5060 EAGLE MAX OC 8G GDDR7 Graphics Card,Gigabyte,"৳ 51,999","৳ 59,000","৳ 7,001",In Stock
Graphics Card,GUNNIR Intel Arc A750 Index 8GB GDDR6 Graphics Card,GUNNIR,"৳ 31,000","৳ 32,000","৳ 1,000",In Stock
Graphics Card,Sapphire NITRO+ AMD Radeon RX 9060 XT Gaming OC 16GB GDDR6 Graphics Card,Sapphire,"৳ 68,900","৳ 72,000","৳ 3,100",In Stock
Graphics Card,Sapphire NITRO+ AMD Radeon RX 9060 XT Gaming OC 16GB GDDR6 Graphics Card,Sapphire,"৳ 68,900","৳ 69,900","৳ 1,000",In Stock
Graphics Card,PNY GeForce RTX 5060 Ti 16GB GDDR7 EPIC-X RGB OC Triple Fan Graphics Card,PNY,"৳ 95,000","৳ 98,000","৳ 3,000",In Stock
Graphics Card,ASUS Dual GeForce RTX 5050 8GB GDDR6 OC Edition Graphics Card,ASUS,"৳ 47,900","৳ 49,900","৳ 2,000",In Stock
Graphics Card,MAXSUN GEFORCE GTX 1050 Ti 4GB GDDR5 Graphics Card,MAXSUN,"৳ 19,500","৳ 20,000",৳ 500,In Stock
Graphics Card,Gigabyte GeForce RTX 5060 WINDFORCE MAX OC 8G Graphics Card,Gigabyte,"৳ 51,900","৳ 57,000","৳ 5,100",In Stock
Graphics Card,ASUS PRIME GeForce RTX 5070 OC Edition 12GB GDDR7 Graphics Card,ASUS,"৳ 117,900","৳ 131,000","৳ 13,100",In Stock
Graphics Card,ASUS Dual GeForce RTX 3050 OC Edition 6GB GDDR6 Graphics Card,ASUS,"৳ 29,999","৳ 45,000","৳ 15,001",In Stock
Graphics Card,ASUS Dual GeForce RTX 5060 8GB GDDR7 OC Edition Graphics Card,ASUS,"৳ 57,000","৳ 57,500",৳ 500,In Stock
Graphics Card,ASUS Dual GeForce RTX 5060 White OC Edition 8GB GDDR7 Graphics Card,ASUS,"৳ 59,000","৳ 60,500","৳ 1,500",In Stock
Graphics Card,ASUS Dual GeForce RTX 5070 12GB GDDR7 OC Edition Graphics Card,ASUS,"৳ 87,999","৳ 109,000","৳ 21,001",In Stock
Graphics Card,GUNNIR Intel Arc A380 Photon 6G OC W GDDR6 Graphics Card,GUNNIR,"৳ 17,999","৳ 19,000","৳ 1,001",In Stock
Graphics Card,Maxsun Intel Arc B570 Milestone 10G 10GB GDDR6 Graphics Card (Black),Maxsun,"৳ 35,000","৳ 36,000","৳ 1,000",In Stock
Graphics Card,INNO3D GeForce RTX 5050 TWIN X2 8GB GDDR6 Graphics Card,INNO3D,"৳ 44,900","৳ 46,000","৳ 1,100",In Stock
Graphics Card,PNY GeForce RTX 5060 8GB GDDR7 Graphics Card,PNY,"৳ 49,999","৳ 55,000","৳ 5,001",In Stock
Graphics Card,Yeston Radeon RX 9060 XT GAEA 16GB GDDR6 Gaming Graphics Card,Yeston,"৳ 62,900","৳ 64,500","৳ 1,600",In Stock
Graphics Card,Manli Stellar GeForce RTX 5060 Ti OC 16GB GDDR7 Graphics Card (Black),Manli,"৳ 92,000","৳ 93,000","৳ 1,000",In Stock
Graphics Card,ASUS Dual GeForce RTX 5050 8GB GDDR6 Graphics Card,ASUS,"৳ 47,900","৳ 49,000","৳ 1,100",In Stock
Graphics Card,ASUS Dual GeForce RTX 5060 Ti 16GB GDDR7 OC Edition Graphics Card,ASUS,"৳ 92,000","৳ 99,000","৳ 7,000",In Stock
Graphics Card,Gigabyte GeForce RTX 5060 GAMING OC 8G GDDR7 Graphics Card,Gigabyte,"৳ 52,999","৳ 59,500","৳ 6,501",In Stock
Graphics Card,MSI GeForce RTX 5050 8G VENTUS 2X OC 8GB GDDR6 Graphics Card,MSI,"৳ 47,500","৳ 49,500","৳ 2,000",In Stock
Graphics Card,Sapphire Pulse AMD Radeon RX 9060 XT Gaming OC 8GB GDDR6 Graphics Card,Sapphire,"৳ 52,900","৳ 53,900","৳ 1,000",In Stock
Graphics Card,ZOTAC GAMING GeForce RTX 5050 Twin Edge 8GB GDDR6 Graphics Card,ZOTAC,"৳ 44,500","৳ 49,500","৳ 5,000",In Stock
Graphics Card,ZOTAC GAMING GeForce RTX 5050 Twin Edge OC 8GB GDDR6 Graphics Card,ZOTAC,"৳ 45,500","৳ 50,500","৳ 5,000",In Stock
Graphics Card,MSI GeForce RTX 5050 8G SHADOW 2X OC 8GB GDDR6 Graphics Card,MSI,"৳ 44,500","৳ 47,500","৳ 3,000",In Stock
Graphics Card,ASUS TUF Gaming GeForce RTX 5070 Ti 16GB GDDR7 OC Edition Graphics Card,ASUS,"৳ 188,900","৳ 190,900","৳ 2,000",In Stock
Graphics Card,ZOTAC GAMING GeForce RTX 5070 Ti AMP Extreme INFINITY ULTRA 16GB GDDR7 Graphics Card,ZOTAC,"৳ 158,900","৳ 165,000","৳ 6,100",In Stock
Graphics Card,Zotac Gaming GeForce RTX 5070 SOLID 12GB GDDR7 Graphics Card,Zotac,"৳ 103,900","৳ 105,900","৳ 2,000",In Stock
Graphics Card,Sapphire PURE AMD Radeon RX 9070 Gaming OC 16GB GDDR6 Graphics Card White,Sapphire,"৳ 104,900","৳ 105,900","৳ 1,000",In Stock
Graphics Card,Sapphire NITRO+ AMD Radeon RX 9070 XT 16GB Gaming OC GDDR6 Graphics Card,Sapphire,"৳ 119,900","৳ 125,000","৳ 5,100",In Stock
Graphics Card,ZOTAC GAMING GeForce RTX 5070 Ti AMP Extreme INFINITY 16GB GDDR7 Graphics Card,ZOTAC,"৳ 152,900","৳ 155,900","৳ 3,000",In Stock
Graphics Card,Powercolor Reaper AMD Radeon RX 9060 XT 16GB GDDR6 Graphics Card,Powercolor,"৳ 69,000","৳ 71,000","৳ 2,000",In Stock
Graphics Card,ZOTAC GAMING GeForce RTX 5060 Twin Edge 8GB GDDR7 Graphics Card,ZOTAC,"৳ 50,999","৳ 55,000","৳ 4,001",In Stock
Graphics Card,ZOTAC GAMING GeForce RTX 5060 Twin Edge OC 8GB GDDR7 Graphics Card,ZOTAC,"৳ 51,999","৳ 56,000","৳ 4,001",In Stock
Graphics Card,Manli Nebula GeForce RTX 5050 8GB GDDR6 Graphics Card,Manli,"৳ 45,000","৳ 45,500",৳ 500,In Stock
Graphics Card,GIGABYTE GEFORCE RTX­­ 4070 TI AERO OC 12GB GDDR6X GRAPHICS CARD,GIGABYTE,"৳ 123,000","৳ 136,000","৳ 13,000",In Stock
Graphics Card,ASUS ROG Strix GeForce RTX 5070 Ti 16GB GDDR7 OC Edition Graphics Card,ASUS,"৳ 207,900","৳ 212,000","৳ 4,100",In Stock
Graphics Card,MSI GeForce RTX 5070 12G GAMING TRIO OC WHITE Graphics Card,MSI,"৳ 105,900","৳ 109,900","৳ 4,000",In Stock
Graphics Card,MSI GeForce RTX 5060 8G SHADOW 2X OC GDDR7 Graphics Card,MSI,"৳ 51,500","৳ 53,500","৳ 2,000",In Stock
Graphics Card,MSI GeForce RTX 5060 Ti 16G SHADOW 2X OC PLUS GDDR7 Graphics Card,MSI,"৳ 86,999","৳ 95,000","৳ 8,001",In Stock
Graphics Card,MSI GeForce RTX 5060 8G VENTUS 2X OC WHITE 8GB GDDR7 Graphics Card,MSI,"৳ 54,900","৳ 58,900","৳ 4,000",In Stock
Graphics Card,MSI GeForce RTX 5060 Ti 8G VENTUS 2X OC PLUS GDDR7 Graphics Card,MSI,"৳ 69,900","৳ 72,900","৳ 3,000",In Stock
Graphics Card,PNY GeForce RTX 5070 12GB GDDR7 OC Triple Fan Graphics Card,PNY,"৳ 83,999","৳ 115,000","৳ 31,001",In Stock
Graphics Card,MSI GeForce RTX 5060 Ti 8G SHADOW 2X OC PLUS GDDR7 Graphics Card,MSI,"৳ 67,900","৳ 69,900","৳ 2,000",In Stock
Graphics Card,MSI GeForce RTX 5060 8G GAMING OC 8GB GDDR7 Graphics Card,MSI,"৳ 57,900","৳ 60,000","৳ 2,100",In Stock
Graphics Card,MSI GeForce RTX 5060 8G INSPIRE 2X OC 8GB GDDR7 Graphics Card,MSI,"৳ 56,900","৳ 58,900","৳ 2,000",In Stock
Graphics Card,PNY GeForce RTX 5060 8GB OC Dual Fan Graphics Card,PNY,"৳ 51,000","৳ 55,000","৳ 4,000",In Stock
Graphics Card,Manli Nebula GeForce RTX 5060 OC 8GB GDDR7 Graphics Card,Manli,"৳ 59,000","৳ 60,000","৳ 1,000",In Stock
Graphics Card,Manli Nebula GeForce RTX 5060 Ti 8GB GDDR7 Graphics Card,Manli,"৳ 64,000","৳ 69,000","৳ 5,000",In Stock
Graphics Card,PowerColor Hellhound AMD Radeon RX 9060 XT 8GB GDDR6 Graphics Card,PowerColor,"৳ 61,000","৳ 62,000","৳ 1,000",In Stock
Graphics Card,PowerColor Fighter AMD Radeon RX 7700 XT 12GB GDDR6 Graphics Card,PowerColor,"৳ 70,000","৳ 72,000","৳ 2,000",In Stock
Graphics Card,PowerColor Hellhound AMD Radeon RX 9060 XT 16GB GDDR6 Graphics Card,PowerColor,"৳ 75,000","৳ 77,000","৳ 2,000",In Stock
Graphics Card,PowerColor Red Devil Spectral White AMD Radeon RX 9070 XT 16GB GDDR6 Graphics Card (White),PowerColor,"৳ 130,000","৳ 132,000","৳ 2,000",In Stock
Graphics Card,PowerColor Reaper AMD Radeon RX 9060 XT 8GB GDDR6 Graphics Card (Black),PowerColor,"৳ 55,000","৳ 56,000","৳ 1,000",In Stock
Graphics Card,Sapphire Pure AMD Radeon RX 9060 XT GAMING OC 16GB GDDR6 Graphics Card,Sapphire,"৳ 66,900","৳ 70,000","৳ 3,100",In Stock
Graphics Card,Sapphire Pulse AMD Radeon RX 9060 XT GAMING OC 16GB GDDR6 Graphics Card,Sapphire,"৳ 65,900","৳ 69,900","৳ 4,000",In Stock
Graphics Card,Manli Nebula GeForce RTX 5060 8GB GDDR7 Graphics Card,Manli,"৳ 53,000","৳ 55,000","৳ 2,000",In Stock
Graphics Card,Manli Polar Fox GeForce RTX 5060 OC 8GB GDDR7 Graphics Card,Manli,"৳ 55,000","৳ 57,000","৳ 2,000",In Stock
Graphics Card,Manli Polar Fox GeForce RTX 5060 Ti OC 16GB GDDR7 Graphics Card,Manli,"৳ 88,000","৳ 89,500","৳ 1,500",In Stock
Graphics Card,Manli Polar Fox GeForce RTX 5070 Ti OC 16GB GDDR7 Graphics Card,Manli,"৳ 157,000","৳ 159,000","৳ 2,000",In Stock
Graphics Card,Manli Gallardo GeForce RTX 5090 OC 32GB GDDR7 Graphics Card,Manli,"৳ 559,000","৳ 570,000","৳ 11,000",In Stock
Graphics Card,ZOTAC GAMING GeForce RTX 5070 AMP 12GB GDDR7 Graphics Card White Edition,ZOTAC,"৳ 105,900","৳ 107,900","৳ 2,000",In Stock
Graphics Card,ZOTAC GAMING GeForce RTX 5060 SOLO 8GB GDDR7 Graphics Card,ZOTAC,"৳ 47,000","৳ 59,500","৳ 12,500",In Stock
Graphics Card,MSI GeForce RTX 5080 16G VENTUS 3X OC 16GB GDDR7 Graphics Card,MSI,"৳ 201,000","৳ 222,000","৳ 21,000",In Stock
Graphics Card,Zotac GeForce RTX 5070 Twin Edge 12GB GDDR7 Graphics Card,Zotac,"৳ 101,900","৳ 102,500",৳ 600,In Stock
Graphics Card,SAPPHIRE PULSE AMD RADEON RX 9070 XT GAMING 16GB DUAL Graphics Card,SAPPHIRE,"৳ 109,900","৳ 122,500","৳ 12,600",In Stock
Graphics Card,MSI GeForce RTX 5060 Ti 16G INSPIRE 2X OC 16GB GDDR7 Graphics Card,MSI,"৳ 82,499","৳ 95,000","৳ 12,501",In Stock
Graphics Card,MSI GeForce RTX 5060 Ti 16G VENTUS 3X OC 16GB GDDR7 Graphics Card,MSI,"৳ 93,500","৳ 99,500","৳ 6,000",In Stock
Graphics Card,ZOTAC GAMING GeForce RTX 5070 Ti SOLID SFF OC 16GB GDDR7 Graphics Card,ZOTAC,"৳ 129,999","৳ 152,900","৳ 22,901",In Stock
Graphics Card,MSI GeForce RTX 5070 12G SHADOW 2X OC 12GB GDDR7 Graphics Card,MSI,"৳ 104,900","৳ 106,290","৳ 1,390",In Stock
Graphics Card,PNY GeForce RTX 5070 Ti OC 16GB Triple Fan Graphics Card,PNY,"৳ 127,000","৳ 145,000","৳ 18,000",In Stock
Graphics Card,PNY NVIDIA GeForce RTX 5070 ARGB EPIC-X RGB OC Triple Fan GDDR7 Graphics Card,PNY,"৳ 86,999","৳ 119,000","৳ 32,001",In Stock
Graphics Card,ZOTAC GAMING GeForce RTX 5060 Ti AMP 8GB GDDR7 Graphics Card,ZOTAC,"৳ 71,900","৳ 75,000","৳ 3,100",In Stock
Graphics Card,ZOTAC GAMING GeForce RTX 5060 Ti Twin Edge 16GB GDDR7 Graphics Card,ZOTAC,"৳ 84,900","৳ 86,500","৳ 1,600",In Stock
Graphics Card,ZOTAC GAMING GeForce RTX 5060 Ti Twin Edge OC 8GB GDDR7 Graphics Card,ZOTAC,"৳ 68,900","৳ 70,500","৳ 1,600",In Stock
Graphics Card,Powercolor Hellhound AMD Radeon RX 9070 16GB GDDR6 Graphics Card,Powercolor,"৳ 106,000","৳ 109,000","৳ 3,000",In Stock
Graphics Card,ZOTAC GAMING GeForce RTX 5080 SOLID OC 16GB GDDR7 Graphics Card,ZOTAC,"৳ 210,900","৳ 215,900","৳ 5,000",In Stock
Graphics Card,MSI GeForce RTX 5080 16G VENTUS 3X OC PLUS 16GB GDDR7 Graphics Card,MSI,"৳ 201,999","৳ 234,000","৳ 32,001",In Stock
Graphics Card,MSI GeForce RTX 5080 16G INSPIRE 3X OC 16GB GDDR7 Graphics Card,MSI,"৳ 199,999","৳ 231,900","৳ 31,901",In Stock
Graphics Card,Sapphire PURE AMD Radeon RX 9070 XT 16GB GDDR6 Graphics Card,Sapphire,"৳ 114,900","৳ 117,900","৳ 3,000",In Stock
Graphics Card,OCPC GTX 1660 Ti MCL 6GB GDDR6 Graphics Card,OCPC,"৳ 23,500","৳ 26,500","৳ 3,000",In Stock
Graphics Card,GIGABYTE GeForce RTX 5070 GAMING OC 12G Graphics Card,GIGABYTE,"৳ 109,500","৳ 125,000","৳ 15,500",In Stock
Graphics Card,Gigabyte GeForce RTX 5070 EAGLE OC SFF 12G GDDR7 Graphics Card,Gigabyte,"৳ 107,000","৳ 111,000","৳ 4,000",In Stock
Graphics Card,Gigabyte GeForce RTX 5070 WINDFORCE OC SFF 12G GDDR7 Graphics Card,Gigabyte,"৳ 106,000","৳ 128,000","৳ 22,000",In Stock
Graphics Card,Gigabyte GeForce RTX 5070 EAGLE OC ICE SFF 12G Graphics Card,Gigabyte,"৳ 114,000","৳ 125,000","৳ 11,000",In Stock
Graphics Card,ASUS TUF Gaming GeForce RTX 4070 Ti SUPER BTF 16GB GDDR6X OC Edition White Graphics Card,ASUS,"৳ 152,000","৳ 161,000","৳ 9,000",In Stock
Graphics Card,ASUS PRIME GeForce RTX 5070 Ti 16GB GDDR7 OC Edition Graphics Card,ASUS,"৳ 163,900","৳ 185,000","৳ 21,100",In Stock
Graphics Card,MSI GeForce RTX 5070 12G INSPIRE 3X OC NVIDIA Graphics Card,MSI,"৳ 102,900","৳ 105,900","৳ 3,000",In Stock
Graphics Card,MSI GeForce RTX 5070 12G VENTUS 2X OC 12GB GDDR7 Graphics Card WHITE,MSI,"৳ 95,900","৳ 102,900","৳ 7,000",In Stock
Graphics Card,Msi GeForce RTX 5070 12G GAMING TRIO OC 12GB GDDR7 Graphics Card,Msi,"৳ 104,900","৳ 112,500","৳ 7,600",In Stock
Graphics Card,MSI GeForce RTX 5090 32G VENTUS 3X OC 32GB GDDR7 Graphics Card,MSI,"৳ 465,000","৳ 489,000","৳ 24,000",In Stock
Graphics Card,Sapphire PULSE AMD Radeon RX 9070 16GB GDDR6 Graphics Card,Sapphire,"৳ 102,900","৳ 103,900","৳ 1,000",In Stock
Graphics Card,Powercolor Reaper AMD Radeon RX 9070 16GB GDDR6 Graphics Card,Powercolor,"৳ 102,500","৳ 105,000","৳ 2,500",In Stock
Graphics Card,Powercolor Reaper AMD Radeon RX 9070 XT 16GB GDDR6 Graphics Card,Powercolor,"৳ 113,500","৳ 115,000","৳ 1,500",In Stock
Graphics Card,PowerColor Red Devil AMD Radeon RX 9070 XT 16GB GDDR6 Graphics Card,PowerColor,"৳ 127,000","৳ 129,000","৳ 2,000",In Stock
Graphics Card,PNY NVIDIA GeForce RTX 5080 16G OC Triple Fan Graphics Card,PNY,"৳ 191,000","৳ 212,000","৳ 21,000",In Stock
Graphics Card,Arktek RX 580 8GB 256bit DVI/HDMI/3 x DP GDDR5 Graphics Card,Arktek,"৳ 20,000","৳ 22,000","৳ 2,000",In Stock
Graphics Card,ASUS PRIME GeForce RTX 5080 16GB GDDR7 OC Edition Graphics cards,ASUS,"৳ 205,000","৳ 235,000","৳ 30,000",In Stock
Graphics Card,MSI GeForce RTX 5070 Ti 16G VENTUS 3X OC 16GB GDDR7 Graphics Card,MSI,"৳ 138,999","৳ 150,000","৳ 11,001",In Stock
Graphics Card,ASUS ROG Astral GeForce RTX 5090 32GB OC Edition GDDR7 Graphics Card,ASUS,"৳ 550,000","৳ 750,000","৳ 200,000",In Stock
Graphics Card,PNY GeForce RTX 5080 16GB GDDR7 ARGB EPIC-X RGB OC Triple Fan Graphics Card,PNY,"৳ 198,000","৳ 212,000","৳ 14,000",In Stock
Graphics Card,Gigabyte GeForce RTX 5080 GAMING OC 16G GDDR7 Graphics Card,Gigabyte,"৳ 219,000","৳ 239,000","৳ 20,000",In Stock
Graphics Card,MAXSUN Intel Arc B580 iCraft 12GB GDDR6 Graphics Card,MAXSUN,"৳ 42,000","৳ 49,500","৳ 7,500",In Stock
Graphics Card,Asus GT710-SL-2GD5-BRK-EVO 2GB GDDR5 Graphics Card,Asus,"৳ 7,700","৳ 7,900",৳ 200,In Stock
Graphics Card,Asus GeForce GT 730 Nvidia 2GB GDDR5 Graphics Card (Timber Green),Asus,"৳ 15,900","৳ 16,200",৳ 300,In Stock
Graphics Card,ASUS Dual GeForce RTX 3050 96-bit 6GB GDDR6 Graphics Card,ASUS,"৳ 32,900","৳ 35,000","৳ 2,100",In Stock
Graphics Card,MSI GeForce RTX 5090 32G VANGUARD SOC 32GB GDDR7 Graphics Card,MSI,"৳ 490,000","৳ 650,000","৳ 160,000",In Stock
Graphics Card,ASUS TUF Gaming GeForce RTX 5090 32GB GDDR7 OC Edition Graphics Card,ASUS,"৳ 500,000","৳ 650,000","৳ 150,000",In Stock
Graphics Card,MSI GeForce RTX 5090 32G GAMING TRIO OC Graphics Card,MSI,"৳ 495,000","৳ 510,000","৳ 15,000",In Stock
Graphics Card,MSI GeForce RTX 5090 32G SUPRIM SOC GDDR7 Graphics Card,MSI,"৳ 515,000","৳ 520,500","৳ 5,500",In Stock
Graphics Card,Powercolor Hellhound Spectral AMD Radeon RX 7800 XT 16GB GDDR6 Graphics Card (White),Powercolor,"৳ 87,000","৳ 89,000","৳ 2,000",In Stock
Graphics Card,PowerColor AMD Radeon RX 7800 XT 16GB GDDR6 Graphics Card,PowerColor,"৳ 76,000","৳ 88,000","৳ 12,000",In Stock
Graphics Card,PowerColor AMD Radeon RX 7700 XT 12GB GDDR6 Graphics Card,PowerColor,"৳ 76,000","৳ 79,000","৳ 3,000",In Stock
Graphics Card,GUNNIR Intel Arc B580 Photon 12GB OC DDR6 Graphics Card (White),GUNNIR,"৳ 44,000","৳ 46,000","৳ 2,000",In Stock
Graphics Card,GUNNIR Intel Arc B580 Photon 12GB OC DDR6 Graphics Card (Black),GUNNIR,"৳ 44,000","৳ 45,000","৳ 1,000",In Stock
Graphics Card,Gunnir B580 index 12GB GDDR6 Graphics Card,Gunnir,"৳ 41,000","৳ 42,000","৳ 1,000",In Stock
Graphics Card,Ninja Radeon RX 580 Phantom 8GB GDDR5 Graphics Card,Ninja,"৳ 18,200","৳ 20,500","৳ 2,300",In Stock
Graphics Card,OCPC GT 730 4GB DDR3 Gaming Graphics Card,OCPC,"৳ 6,500","৳ 8,500","৳ 2,000",In Stock
Graphics Card,ZOTAC GAMING GeForce RTX 3050 6GB GDDR6 Twin Edge OC Graphics Card,ZOTAC,"৳ 33,900","৳ 35,000","৳ 1,100",In Stock
Graphics Card,Powercolor Hellhound Sakura AMD Radeon RX 7800 XT 16GB GDDR6 Limited Edition Graphics Card,Powercolor,"৳ 84,000","৳ 89,000","৳ 5,000",In Stock
Graphics Card,PowerColor Fighter AMD Radeon RX 7600 8GB GDDR6 Graphics Card,PowerColor,"৳ 45,000","৳ 47,000","৳ 2,000",In Stock
Graphics Card,GIGABYTE Intel Arc A380 GAMING OC 6GB GDDR6 Graphics Card,GIGABYTE,"৳ 21,500","৳ 22,500","৳ 1,000",In Stock
Graphics Card,Unika Radeon RX 580 BLIZZARDS 8GD5 V2 Graphics Card,Unika,"৳ 16,500","৳ 17,500","৳ 1,000",In Stock
Graphics Card,MSI GeForce RTX 3050 VENTUS 2X 6G OC GRAPHICS CARD,MSI,"৳ 29,000","৳ 35,000","৳ 6,000",In Stock
Graphics Card,MSI GeForce RTX 4060 Ti Gaming Slim X GC30 Monster Hunter Edition 3X 8GB GDDR6 Graphics Card,MSI,"৳ 75,000","৳ 77,000","৳ 2,000",In Stock
Graphics Card,GUNNIR ARC A580 8GB INDEX GRAPHICS CARD,GUNNIR,"৳ 25,200","৳ 28,500","৳ 3,300",In Stock
Graphics Card,ZOTAC GAMING GEFORCE RTX 3050 ECO 8GB GDDR6 GRAPHICS CARD,ZOTAC,"৳ 34,999","৳ 38,500","৳ 3,501",In Stock
Graphics Card,GIGABYTE GEFORCE RTX 4070 TI EAGLE 12G GRAPHICS CARD,GIGABYTE,"৳ 122,000","৳ 125,999","৳ 3,999",In Stock
Graphics Card,GIGABYTE GEFORCE RTX 4070 TI WINDFORCE OC 12G GRAPHICS CARD,GIGABYTE,"৳ 122,000","৳ 125,999","৳ 3,999",In Stock
Graphics Card,MSI GEFORCE RTX 4060 VENTUS 2X BLACK 8G OC 8GB GRAPHICS CARD,MSI,"৳ 46,500","৳ 49,000","৳ 2,500",In Stock
Graphics Card,SPARKLE INTEL ARC A750 8GB DDR6 TITAN OC EDITION TRIPLE FAN GRAPHICS CARD,SPARKLE,"৳ 28,500","৳ 33,500","৳ 5,000",In Stock
Graphics Card,SAPPHIRE NITRO+ AMD RADEON RX 7900 XTX VAPOR-X 24GB GDDR6 GAMING GRAPHICS CARD,SAPPHIRE,"৳ 155,900","৳ 166,000","৳ 10,100",In Stock
Graphics Card,GUNNIR INTEL ARC A380 INDEX 6GB DDR6 GRAPHICS CARD,GUNNIR,"৳ 16,999","৳ 18,000","৳ 1,001",In Stock
Graphics Card,GUNNIR INTEL ARC A380 PHOTON 6G OC 6GB GDDR6 GAMING GRAPHICS CARD,GUNNIR,"৳ 17,999","৳ 20,500","৳ 2,501",In Stock
Graphics Card,AFOX RADEON RX550 4GB GDDR5 DUAL FAN GRAPHICS CARD,AFOX,"৳ 14,500","৳ 16,500","৳ 2,000",In Stock
Graphics Card,GIGABYTE RADEON RX 6900 XT GAMING OC 16GB GRAPHICS CARD,GIGABYTE,"৳ 90,000","৳ 145,000","৳ 55,000",In Stock
Graphics Card,AFOX NVIDIA Geforce GT610 2GB DDR3 Graphics Card,AFOX,"৳ 5,500","৳ 6,200",৳ 700,In Stock
Graphics Card,AFOX NVIDIA GEFORCE GTX750 4GB GDDR5 GRAPHIC CARD,AFOX,"৳ 16,500","৳ 18,900","৳ 2,400",In Stock
Graphics Card,AFOX GEFORCE GT730 2GB DDR3 GRAPHIC CARD,AFOX,"৳ 7,700","৳ 8,900","৳ 1,200",In Stock
Graphics Card,MSI GeForce RTX 3060 VENTUS 2X OC 12GB Graphics Card,MSI,"৳ 47,500","৳ 50,500","৳ 3,000",In Stock
Graphics Card,Asus GeForce GT 730 2GB GDDR5 Graphics Card,Asus,"৳ 9,500","৳ 10,200",৳ 700,In Stock
Graphics Card,ASUS GeForce GT 1030 2GB GDDR5 low Profile Graphics Card,ASUS,"৳ 11,500","৳ 11,800",৳ 300,In Stock
Graphics Card,AFOX NVIDIA Geforce GT710 2GB DDR3 Graphics Card,AFOX,"৳ 6,500","৳ 8,500","৳ 2,000",In Stock
Graphics Card,Gigabyte AORUS Radeon RX 6900 XT MASTER GDDR6 16GB Graphics Card,Gigabyte,"৳ 100,000","৳ 205,000","৳ 105,000",In Stock
Graphics Card,Call For Price,Call,,,Nvidia RTX A5000 24GB Amplified Performance for Professionals Graphics Card,Out of Stock
Graphics Card,NVIDIA QUADRO RTX 8000 48GB GDDR6 Graphics Card,NVIDIA,Call For Price,,"৳ 3,000",Out of Stock
Graphics Card,NVIDIA Quadro P2200 5GB GDDR5x Graphics Card,NVIDIA,Call For Price,,"৳ 2,000",Out of Stock
Graphics Card,Call For Price,Call,,,NVIDIA Quadro T400 4GB GDDR6 Turing GPU Architecture Graphics Card,Out of Stock
Graphics Card,NVIDIA RTX PRO 4500 Blackwell 32GB GDDR7 Graphics Card,NVIDIA,Call For Price,,"৳ 250,000",Out of Stock
Graphics Card,Call For Price,Call,,,NVIDIA Quadro P2000 5GB GDDR5 Graphics Card,Out of Stock
Graphics Card,Call For Price,Call,,,NVIDIA RTX A6000 48GB GDDR6 Graphics Card,Out of Stock
Graphics Card,Nvidia Quadro T600 4GB GDDR6 Graphics Card,Nvidia,Call For Price,,"৳ 2,000",Out of Stock
Graphics Card,Call For Price,Call,,,NVIDIA T1000 8GB GDDR6 PCIE Workstation Video Graphics Card,Out of Stock
Graphics Card,Call For Price,Call,,,NVIDIA RTX 5000 ADA Generation 32GB GDDR6 Graphics Card,Out of Stock
Graphics Card,Call For Price,Call,,,NVIDIA RTX 6000 Ada Generation 48 GB GDDR6 Graphics Card,Out of Stock
Graphics Card,Call For Price,Call,,,Nvidia RTX 2000 Ada Generation 16GB GDDR6 Graphics Card,Out of Stock
Graphics Card,Call For Price,Call,,,Nvidia RTX A2000 12GB GDDR6 Professional Graphics Card,Out of Stock
Graphics Card,Call For Price,Call,,,Nvidia RTX A4000 Ampere Architecture 16GB GDDR6 Graphics Card,Out of Stock
Graphics Card,Call For Price,Call,,,NVIDIA RTX 4000 Ada Generation 20GB GDDR6 Graphics Card,Out of Stock
Graphics Card,GUNNIR Intel Arc B570 Photon OC 160 bit GDDR6 10GB Graphics Card,GUNNIR,Call For Price,,"৳ 1,410",Out of Stock
Graphics Card,GUNNIR INTEL ARC A750 PHOTON 8G OC W GRAPHICS CARD,GUNNIR,Call For Price,,"৳ 1,500",Out of Stock
Graphics Card,GUNNIR INTEL ARC A770 PHOTON 16G OC GRAPHICS CARD,GUNNIR,Call For Price,,"৳ 4,500",Out of Stock
Graphics Card,NVIDIA RTX 4500 Ada Generation 24GB GDDR6 Graphics Card,NVIDIA,Up Coming,,"৳ 2,000",Out of Stock
Graphics Card,Up Coming,Up,,,NVIDIA Quadro P1000 4GB GDDR5 Graphics Card,Out of Stock
Graphics Card,Colorful iGame GeForce RTX 5060 Ultra W OC 8GB-V GDDR7 Graphics Card,Colorful,Up Coming,,"৳ 4,000",Out of Stock
Graphics Card,Up Coming,Up,,,INNO3D GeForce RTX 5060 Ti 16GB X3 OC GDDR7 Graphics Card,Out of Stock
Graphics Card,INNO3D GeForce RTX 5070 Ti iCHILL X3 16GB GDDR7 Graphics Card,INNO3D,Up Coming,,"৳ 5,001",Out of Stock
Graphics Card,GIGABYTE GeForce RTX 3050 WINDFORCE V2 8G GDDR6 Graphics Card,GIGABYTE,Up Coming,,৳ 500,Out of Stock
Graphics Card,GIGABYTE GeForce RTX 5060 Ti WINDFORCE OC 16GB GDDR7 Graphics Card,GIGABYTE,Up Coming,,"৳ 3,000",Out of Stock
Graphics Card,Sapphire Nitro+ AMD Radeon RX 9070 GAMING OC 16GB GDDR6 Graphics Card,Sapphire,Up Coming,,"৳ 1,000",Out of Stock
Graphics Card,GIGABYTE Radeon RX 9070 GAMING OC 16G GDDR6 Graphics Card,GIGABYTE,Up Coming,,"৳ 3,000",Out of Stock
Graphics Card,Gigabyte GeForce RTX 5060 Ti WINDFORCE OC 8G GDDR7 Graphics Card,Gigabyte,Up Coming,,"৳ 2,500",Out of Stock
Graphics Card,Gigabyte GeForce RTX 5060 Ti WINDFORCE MAX OC 16G Graphics Card,Gigabyte,Up Coming,,"৳ 3,000",Out of Stock
Graphics Card,Gigabyte GeForce RTX 5060 Ti EAGLE OC ICE 16G GDDR7 Graphics Card,Gigabyte,Up Coming,,"৳ 3,000",Out of Stock
Graphics Card,Gigabyte GeForce RTX 5060 Ti EAGLE MAX OC 16GB GDDR7 Graphics Card,Gigabyte,Up Coming,,"৳ 3,000",Out of Stock
Graphics Card,ASUS Dual GeForce RTX 5060 Ti 8GB GDDR7 OC Edition Graphics Card,ASUS,Up Coming,,"৳ 2,500",Out of Stock
Graphics Card,MSI GeForce RTX 5070 Ti 16G INSPIRE 3X OC 16GB GDDR7 Graphics Card,MSI,Up Coming,,"৳ 3,000",Out of Stock
Graphics Card,INNO3D GeForce RTX 5070 TWIN X2 OC 12GB GDDR7 Graphics Card (White),INNO3D,Up Coming,,"৳ 3,000",Out of Stock
Graphics Card,Sparkle TITAN LUNA OC Arc B580 12GB GDDR6 Graphics Card (White),Sparkle,Up Coming,,"৳ 4,000",Out of Stock
Graphics Card,Sparkle Arc B580 TITAN OC 12GB GDDR6 Graphics Card (Black),Sparkle,Up Coming,,"৳ 2,000",Out of Stock
Graphics Card,Yeston Sakura Atlantis Radeon RX 9070 XT 16G GDDR6 Graphics Card,Yeston,Up Coming,,৳ 600,Out of Stock
Graphics Card,Yeston Sakura Radeon RX 9070 XT 16G GDDR6 Graphics Card,Yeston,Up Coming,,৳ 600,Out of Stock
Graphics Card,Yeston GAEA Radeon RX 9070 XT 16GB GDDR6 Graphics Card,Yeston,Up Coming,,৳ 600,Out of Stock
Graphics Card,Yeston Radeon RX 9070 Sakura Atlantis 16GB GDDR6 Gaming Graphics Card,Yeston,Up Coming,,৳ 600,Out of Stock
Graphics Card,Yeston Radeon RX 9070 Sakura 16GB GDDR6 Gaming Graphics Card,Yeston,Up Coming,,৳ 600,Out of Stock
Graphics Card,Yeston Radeon RX 9060 XT Game ACE 16GB GDDR6 Gaming Graphics Card,Yeston,Up Coming,,৳ 500,Out of Stock
Graphics Card,Yeston Radeon RX 9060 XT GAEA 8GB GDDR6 Gaming Graphics Card,Yeston,Up Coming,,৳ 600,Out of Stock
Graphics Card,Yeston Nvidia GeForce RTX 5060 Ti GAEA 16GB GDDR7 Gaming Graphics Card,Yeston,Up Coming,,৳ 600,Out of Stock
Graphics Card,GIGABYTE GeForce RTX 5060 EAGLE OC ICE 8G GDDR7 Graphics Card,GIGABYTE,Up Coming,,"৳ 2,000",Out of Stock
Graphics Card,ASUS PRIME GeForce RTX 5060 Ti 16GB GDDR7 OC Edition Graphics Card,ASUS,Up Coming,,"৳ 4,000",Out of Stock
Graphics Card,PNY GeForce RTX 5060 8GB OC Triple Fan GDDR7 Graphics Card,PNY,Up Coming,,"৳ 2,000",Out of Stock
Graphics Card,Gigabyte GeForce RTX 5050 GAMING OC 8G GDDR6 Graphics Card,Gigabyte,Up Coming,,"৳ 1,500",Out of Stock
Graphics Card,Gigabyte GeForce RTX 5050 OC Low Profile 8G GDDR6 Graphics Card,Gigabyte,Up Coming,,"৳ 1,500",Out of Stock
Graphics Card,Gigabyte GeForce RTX 5050 WINDFORCE OC 8G GDDR6 Graphics Card,Gigabyte,Up Coming,,"৳ 1,500",Out of Stock
Graphics Card,MSI GeForce RTX 5060 Ti 16G GAMING TRIO OC 16GB GDDR7 Graphics Card,MSI,Up Coming,,"৳ 1,100",Out of Stock
Graphics Card,PNY GeForce RTX 5060 Ti 16GB Dual Fan GDDR7 Graphics Card,PNY,Up Coming,,"৳ 3,000",Out of Stock
Graphics Card,Gigabyte AORUS GeForce RTX 5090 XTREME WATERFORCE 32GB GDDR7 Graphics Card,Gigabyte,Up Coming,,"৳ 8,000",Out of Stock
Graphics Card,MSI GeForce RTX 5080 16G VENTUS 3X OC WHITE 16GB GDDR7 Graphics Card,MSI,Up Coming,,"৳ 5,600",Out of Stock
Graphics Card,ZOTAC GAMING GeForce RTX 5050 SOLO 8GB GDDR6 Graphics Card,ZOTAC,Up Coming,,"৳ 1,600",Out of Stock
Graphics Card,Msi GeForce RTX 5080 16G GAMING TRIO OC WHITE 16GB GDDR7 Graphics Card,Msi,Up Coming,,"৳ 5,000",Out of Stock
Graphics Card,Msi GeForce RTX 5070 Ti 16G EXPERT OC 16GB GDDR7 Graphics Card,Msi,Up Coming,,"৳ 6,000",Out of Stock
Graphics Card,Msi GeForce RTX 5080 16G GAMING TRIO OC 16GB GDDR7 Graphics Card,Msi,Up Coming,,"৳ 5,000",Out of Stock
Graphics Card,Msi GeForce RTX 5080 16G EXPERT OC 16GB GDDR7 Graphics Card,Msi,Up Coming,,"৳ 64,600",Out of Stock
Graphics Card,GIGABYTE Radeon RX 9060 XT GAMING 8G GDDR6 Graphics Card,GIGABYTE,Up Coming,,"৳ 3,000",Out of Stock
Graphics Card,GIGABYTE Radeon RX 9060 XT GAMING OC 8G GDDR6 Graphics Card,GIGABYTE,Up Coming,,"৳ 2,000",Out of Stock
Graphics Card,ASUS TUF Gaming GeForce RTX 5070 12GB GDDR7 OC Edition Graphics Card,ASUS,Up Coming,,"৳ 5,000",Out of Stock
Graphics Card,ZOTAC GAMING GeForce RTX 5070 Ti SOLID CORE OC 16GB GDDR7 Graphics Card,ZOTAC,Up Coming,,"৳ 2,100",Out of Stock
Graphics Card,ZOTAC GAMING GeForce RTX 5070 Ti SOLID CORE OC White Edition 16GB GDDR7 Graphics Card,ZOTAC,Up Coming,,"৳ 4,100",Out of Stock
Graphics Card,ZOTAC GAMING GeForce RTX 5070 Ti SOLID SFF 16GB GDDR7 Graphics Card,ZOTAC,Up Coming,,"৳ 3,100",Out of Stock
Graphics Card,Powercolor RX9060XT 16G-L/OC/WHITE Hellhound Spectral AMD Radeon RX 9060 XT 16GB GDDR6 White Graphics Card,Powercolor,Up Coming,,"৳ 3,000",Out of Stock
Graphics Card,ZOTAC GAMING GeForce RTX 5080 SOLID CORE 16GB GDDR7 Graphics Card,ZOTAC,Up Coming,,"৳ 3,100",Out of Stock
Graphics Card,ZOTAC GAMING GeForce RTX 5070 SOLID Graphics Card,ZOTAC,Up Coming,,"৳ 3,100",Out of Stock
Graphics Card,ZOTAC GAMING GeForce RTX 5080 AMP Extreme INFINITY ULTRA 16GB GDDR7 Graphics Card,ZOTAC,Up Coming,,"৳ 4,000",Out of Stock
Graphics Card,Manli Polar Fox GeForce RTX 5050 OC 8GB GDDR6 Graphics Card,Manli,Up Coming,,"৳ 2,000",Out of Stock
Graphics Card,Manli Polar Fox GeForce RTX 5070 OC 12GB GDDR7 Graphics Card,Manli,Up Coming,,"৳ 3,000",Out of Stock
Graphics Card,GIGABYTE GeForce RTX 5060 Ti EAGLE OC 8GB GDDR7 Graphics Card,GIGABYTE,Up Coming,,"৳ 1,500",Out of Stock
Graphics Card,ASUS Dual GeForce RTX 5060 8GB GDDR7 Graphics Card,ASUS,Up Coming,,"৳ 8,700",Out of Stock
Graphics Card,PNY GeForce RTX 5090 32GB OC Triple Fan GDDR7 Graphics Card,PNY,Up Coming,,"৳ 90,001",Out of Stock
Graphics Card,ASUS Dual Radeon RX 6500 XT V2 4GB GDDR6 OC Edition Graphics Card,ASUS,Up Coming,,"৳ 1,000",Out of Stock
Graphics Card,MSI GeForce RTX 5060 TI 16G VENTUS 2X OC GDDR7 Graphics Card - WHITE,MSI,Up Coming,,"৳ 3,000",Out of Stock
Graphics Card,MSI GeForce RTX 5060 Ti 16G SHADOW 2X OC GDDR7 Graphics Card,MSI,Up Coming,,"৳ 4,000",Out of Stock
Graphics Card,MSI GeForce RTX 5060 VENTUS 2X OC 8GB GDDR7 Graphics Card,MSI,Up Coming,,"৳ 8,300",Out of Stock
Graphics Card,Gigabyte Radeon RX 9060 XT GAMING OC 16G GDDR6 ATX Graphics Card,Gigabyte,Up Coming,,"৳ 3,000",Out of Stock
Graphics Card,Gigabyte GeForce RTX 5060 Ti GAMING OC 8G Graphics Card,Gigabyte,Up Coming,,"৳ 2,500",Out of Stock
Graphics Card,Gigabyte GeForce RTX 5060 Ti EAGLE OC ICE 8G Graphics Card,Gigabyte,Up Coming,,"৳ 2,500",Out of Stock
Graphics Card,Gigabyte GeForce RTX 5060 Ti WINDFORCE 8G GDDR7 Graphics Card,Gigabyte,Up Coming,,"৳ 2,500",Out of Stock
Graphics Card,Gigabyte GeForce RTX 5060 WINDFORCE OC 8G Graphics Card,Gigabyte,Up Coming,,"৳ 1,500",Out of Stock
Graphics Card,Manli GeForce RTX 3050 6GB Nebula Twin 6GB GDDR6 Graphics Card,Manli,Up Coming,,"৳ 2,501",Out of Stock
Graphics Card,Manli Nebula GeForce RTX 5070 Ti 16GB GDDR7 Graphics Card,Manli,Up Coming,,"৳ 2,001",Out of Stock
Graphics Card,Manli Nebula GeForce RTX 5080 16GB GDDR7 Graphics Card,Manli,Up Coming,,"৳ 3,000",Out of Stock
Graphics Card,Manli Polar Fox GeForce RTX 5060 Ti OC 8GB GDDR7 Graphics Card,Manli,Up Coming,,"৳ 3,500",Out of Stock
Graphics Card,Manli Polar Fox GeForce RTX 5070 OC 12GB GDDR7 Graphics Card,Manli,Up Coming,,"৳ 2,000",Out of Stock
Graphics Card,Manli Polar Fox GeForce RTX 5080 OC 16GB GDDR7 Graphics Card,Manli,Up Coming,,"৳ 3,000",Out of Stock
Graphics Card,Manli Stellar GeForce RTX 5060 Ti OC 8GB GDDR7 Graphics Card,Manli,Up Coming,,"৳ 3,000",Out of Stock
Graphics Card,Manli Stellar GeForce RTX 5060 Ti OC 16GB GDDR7 Graphics Card,Manli,Up Coming,,"৳ 1,000",Out of Stock
Graphics Card,Manli Stellar GeForce RTX 5070 OC 12GB GDDR7 Graphics Card,Manli,Up Coming,,"৳ 4,000",Out of Stock
Graphics Card,Manli Stellar GeForce RTX 5070 Ti OC 16GB GDDR7 Graphics Card,Manli,Up Coming,,"৳ 1,000",Out of Stock
Graphics Card,Manli Stellar GeForce RTX 5080 OC 16GB GDDR7 Graphics Card,Manli,Up Coming,,"৳ 2,000",Out of Stock
Graphics Card,Manli Stellar GeForce RTX 5090 OC 32GB GDDR7 Graphics Card,Manli,Up Coming,,"৳ 2,000",Out of Stock
Graphics Card,Manli Gallardo GeForce RTX 5070 Ti OC 16GB GDDR7 Graphics Card,Manli,Up Coming,,"৳ 1,000",Out of Stock
Graphics Card,Manli Gallardo GeForce RTX 5080 OC 16GB GDDR7 Graphics Card,Manli,Up Coming,,"৳ 1,000",Out of Stock
Graphics Card,ZOTAC GAMING GeForce RTX 5060 AMP 8GB GDDR7 Graphics Card,ZOTAC,Up Coming,,"৳ 1,600",Out of Stock
Graphics Card,Colorful iGame GeForce RTX 5070 Vulcan OC 12GB-V GDDR7 Graphics Card,Colorful,Up Coming,,"৳ 20,100",Out of Stock
Graphics Card,ZOTAC GAMING GeForce RTX 5090 SOLID OC White Edition 32GB GDDR7 Graphics Card,ZOTAC,Up Coming,,"৳ 31,000",Out of Stock
Graphics Card,ZOTAC GAMING GeForce RTX 5090 SOLID OC 32GB GDDR7 Graphics Card,ZOTAC,Up Coming,,"৳ 32,100",Out of Stock
Graphics Card,ZOTAC GAMING GeForce RTX 5070 Twin Edge OC Graphics Card,ZOTAC,Up Coming,,"৳ 3,100",Out of Stock
Graphics Card,GIGABYTE GeForce RTX 5070 Ti WINDFORCE SFF 16G GDDR7 Graphics Card,GIGABYTE,Up Coming,,"৳ 5,000",Out of Stock
Graphics Card,MSI GeForce RTX 5060 Ti 8G VENTUS 2X PLUS 8GB GDDR7 Graphics Card,MSI,Up Coming,,"৳ 4,100",Out of Stock
Graphics Card,MSI GeForce RTX 5060 Ti 16G VENTUS 2X OC PLUS 16GB GDDR7 Graphics Card,MSI,Up Coming,,"৳ 2,000",Out of Stock
Graphics Card,MSI GeForce RTX 5070 Ti 16G GAMING TRIO OC GDDR7 Graphics card,MSI,Up Coming,,"৳ 1,000",Out of Stock
Graphics Card,PNY GeForce RTX 5070 Ti ARGB Triple Fan Plus OC 16GB GDDR7 Graphics Card,PNY,Up Coming,,"৳ 12,000",Out of Stock
Graphics Card,PNY GeForce RTX 5060 Ti Dual Fan OC 8GB GDDR7 Graphics Card,PNY,Up Coming,,"৳ 9,500",Out of Stock
Graphics Card,PNY VERTO GeForce RTX 3050 6GB GDDR6 Graphics Card,PNY,Up Coming,,"৳ 1,500",Out of Stock
Graphics Card,Colorful iGame GeForce RTX 5080 Ultra W OC 16GB-V GDDR7 Graphics Card,Colorful,Up Coming,,"৳ 37,500",Out of Stock
Graphics Card,GIGABYTE GeForce RTX 5090 GAMING OC 32G GDDR7 Graphics Card,GIGABYTE,Up Coming,,"৳ 14,000",Out of Stock
Graphics Card,MSI GeForce RTX 5080 16G SHADOW 3X OC 16GB GDDR7 Graphics Card,MSI,Up Coming,,"৳ 2,600",Out of Stock
Graphics Card,OCPC RX 6700 XT 12GB XE 12GB GDDR6 Graphics Card,OCPC,Up Coming,,"৳ 8,000",Out of Stock
Graphics Card,Colorful GeForce RTX 5070 NB EX 12GB-V graphics Card,Colorful,Up Coming,,"৳ 13,000",Out of Stock
Graphics Card,Colorful iGame GeForce RTX 5060 Ti Ultra W DUO OC 16 GB-V Graphics Card,Colorful,Up Coming,,"৳ 10,000",Out of Stock
Graphics Card,MSI GeForce RTX 5070 Ti 16G SHADOW 3X OC Graphics Card,MSI,Up Coming,,"৳ 7,000",Out of Stock
Graphics Card,Colorful iGame GeForce RTX 5070 Ultra W OC 12GB-V GDDR7 Graphics Card,Colorful,Up Coming,,"৳ 5,100",Out of Stock
Graphics Card,SPARKLE Intel Arc A770 ROC LUNA OC 16GB Edition Graphics Card White,SPARKLE,Up Coming,,"৳ 5,000",Out of Stock
Graphics Card,Sparkle Intel Arc A770 ROC OC Edition 16GB GDDR6 Graphics Card,Sparkle,Up Coming,,"৳ 5,000",Out of Stock
Graphics Card,MSI GeForce RTX 5070 12G VANGUARD SOC GDDR7 Graphics Card,MSI,Up Coming,,৳ 400,Out of Stock
Graphics Card,MSI GeForce RTX 5070 12G VENTUS 3X OC 12GB GDDR7 Graphics Card,MSI,Up Coming,,"৳ 18,000",Out of Stock
Graphics Card,Colorful iGame GeForce RTX 5070 Ti Ultra W OC 16GB-V 16GB GDDR7 Graphics Card,Colorful,Up Coming,,"৳ 25,100",Out of Stock
Graphics Card,MSi GeForce RTX 5070 12G SHADOW 3X OC 12GB GDDR7 28 Gbps Graphics Card,MSi,Up Coming,,"৳ 25,100",Out of Stock
Graphics Card,MSI GeForce RTX 5070 Ti 16G VANGUARD SOC Launch Edition 16GB GDDR7 Graphics Card,MSI,Up Coming,,"৳ 5,000",Out of Stock
Graphics Card,ZOTAC GAMING GeForce RTX 5070 SOLID OC 12GB GDDR7 Graphics Card,ZOTAC,Up Coming,,"৳ 5,100",Out of Stock
Graphics Card,ZOTAC ZT-B50710D-10P Gaming GeForce RTX 5070 Ti SOLID GDDR7 16GB Graphics Card,ZOTAC,Up Coming,,"৳ 2,000",Out of Stock
Graphics Card,ZOTAC GAMING GeForce RTX 5080 SOLID OC White Edition 16GB GDDR7 Graphics Card,ZOTAC,Up Coming,,"৳ 5,000",Out of Stock
Graphics Card,ZOTAC GAMING GeForce RTX 5080 AMP Extreme INFINITY 16GB GDDR7 Graphics Card,ZOTAC,Up Coming,,"৳ 18,100",Out of Stock
Graphics Card,Powercolor Red Devil AMD Radeon RX 9070 16GB GDDR6 Graphics Card,Powercolor,Up Coming,,"৳ 4,500",Out of Stock
Graphics Card,Powercolor Hellhound AMD Radeon RX 9070 XT 16GB GDDR6 Graphics Card,Powercolor,Up Coming,,"৳ 5,000",Out of Stock
Graphics Card,Asus ROG Astral GeForce RTX 5080 16GB GDDR7 OC Edition Graphics card,Asus,Up Coming,,"৳ 33,000",Out of Stock
Graphics Card,Gunnir Intel Arc B570 Index 10GB GDDR5 Graphics Card,Gunnir,Up Coming,,"৳ 3,400",Out of Stock
Graphics Card,Gigabyte GeForce RTX 5070 Ti WINDFORCE OC SFF 16G GDDR7 Graphics Card,Gigabyte,Up Coming,,"৳ 3,000",Out of Stock
Graphics Card,Gigabyte GeForce RTX 5070 Ti EAGLE OC SFF 16G GDDR7 Graphics Card,Gigabyte,Up Coming,,"৳ 4,000",Out of Stock
Graphics Card,Gigabyte GeForce RTX 5070 Ti GAMING OC 16G Graphics Card,Gigabyte,Up Coming,,"৳ 5,000",Out of Stock
Graphics Card,Gigabyte GeForce RTX 5080 WINDFORCE OC SFF 16G GDDR7 Graphics Card,Gigabyte,Up Coming,,"৳ 6,000",Out of Stock
Graphics Card,Gigabyte GeForce RTX 5080 AERO OC SFF 16G GDDR7 Graphics Card,Gigabyte,Up Coming,,"৳ 24,000",Out of Stock
Graphics Card,Gigabyte AORUS GeForce RTX 5090 MASTER 32G GDDR7 Graphics Card,Gigabyte,Up Coming,,"৳ 6,000",Out of Stock
Graphics Card,Gigabyte AORUS GeForce RTX 5090 Master Ice 32G GDDR7 Graphics Card,Gigabyte,Up Coming,,"৳ 10,000",Out of Stock
Graphics Card,ONIX LUMI Intel Arc B580 OC 12GB GDDR6 ARGB Gaming Graphics Card (White),ONIX,Up Coming,,"৳ 3,500",Out of Stock
Graphics Card,ASUS Dual GeForce RTX 3050 V2 128-bit 8GB GDDR6 Graphics Card,ASUS,Up Coming,,৳ 500,Out of Stock
Graphics Card,Colorful iGame GeForce RTX 3050 Ultra W DUO OC V2-V 8GB GDDR6 Graphics Card,Colorful,Up Coming,,"৳ 5,000",Out of Stock
Graphics Card,Colorful GeForce RTX 3050 NB DUO V2-V 8GB GDDR6 Graphics Card,Colorful,Up Coming,,"৳ 6,500",Out of Stock
Graphics Card,INTEL ARC B570 10GB GDDR6 GRAPHICS CARD,INTEL,Up Coming,,"৳ 4,000",Out of Stock
Graphics Card,ZOTAC GAMING GeForce RTX 5090 AMP Extreme INFINITY 32GB GDDR7 Graphics Card,ZOTAC,Up Coming,,"৳ 25,000",Out of Stock
Graphics Card,MSI GeForce RTX 5080 16G VANGUARD SOC 16GB GDDR7 Graphics Card,MSI,Up Coming,,"৳ 3,000",Out of Stock
Graphics Card,MSI GeForce RTX 5080 16G SUPRIM SOC 16GB GDDR7 Graphics Card,MSI,Up Coming,,৳ 500,Out of Stock
Graphics Card,Colorful GeForce RTX 3050 NB DUO V2-V 6GB GDDR6 Graphics Card,Colorful,Up Coming,,"৳ 2,000",Out of Stock
Graphics Card,Colorful Geforce RTX 3060 NB Duo 12GB V2 LV GDDR6 Graphic Card,Colorful,Up Coming,,"৳ 4,900",Out of Stock
Graphics Card,ZOTAC ZT-B50900D-10P GAMING GeForce RTX 5090 SOLID 32G GDDR7 Graphics Card,ZOTAC,Up Coming,,"৳ 2,000",Out of Stock
Graphics Card,MSI GeForce RTX 5090 32G SUPRIM LIQUID SOC Graphics Card,MSI,Up Coming,,"৳ 9,600",Out of Stock
Graphics Card,Powercolor Hellhound AMD Radeon RX 7900 XT 20GB GDDR6 Graphics Card,Powercolor,Up Coming,,"৳ 10,500",Out of Stock
Graphics Card,PowerColor Red Dragon Radeon AXRX 550 4GBD5-DH 4GB GDDR5 Graphics Card,PowerColor,Up Coming,,"৳ 1,500",Out of Stock
Graphics Card,GIGABYTE Intel Arc A310 WINDFORCE 4G GDDR6 Graphics Card,GIGABYTE,Up Coming,,"৳ 1,000",Out of Stock
Graphics Card,GIGABYTE GeForce RTX 3050 OC Low Profile 6G GDDR6 Graphics Card,GIGABYTE,Up Coming,,"৳ 1,000",Out of Stock
Graphics Card,GIGABYTE GeForce RTX 3050 WINDFORCE OC 6GB GDDR6 Graphics Card,GIGABYTE,Up Coming,,"৳ 1,200",Out of Stock
Graphics Card,PNY GeForce RTX 4060 8GB GDDR6 VERTO Dual Fan Graphics Card,PNY,Up Coming,,"৳ 3,000",Out of Stock
Graphics Card,PNY GeForce RTX 4070 Ti SUPER 16GB GDDR6X XLR8 Gaming VERTO EPIC-X RGB Overclocked Triple Fan Graphics Card,PNY,Up Coming,,"৳ 15,000",Out of Stock
Graphics Card,PNY GeForce RTX 4080 SUPER 16GB GDDR6X XLR8 Gaming VERTO EPIC-X RGB Overclocked Triple Fan Graphics Card,PNY,Up Coming,,"৳ 9,000",Out of Stock
Graphics Card,PowerColor Red Devil AMD Radeon RX 7800 XT 16GB GDDR6 Graphics Card,PowerColor,Up Coming,,"৳ 4,900",Out of Stock
Graphics Card,Sapphire PURE AMD Radeon RX 7700 XT 12GB GDDR6 Gaming Graphics Card (Frostpunk 2 Edition),Sapphire,Up Coming,,"৳ 7,600",Out of Stock
Graphics Card,Biostar Intel ARC A750 OC 8GB GDDR6 Graphics card,Biostar,Up Coming,,৳ 500,Out of Stock
Graphics Card,MSI GeForce RTX 4070 SUPER 12G VENTUS 2X OC GRAPHICS CARD,MSI,Up Coming,,"৳ 10,000",Out of Stock
Graphics Card,MSI GeForce GT 1030 4GB OC Graphics Card,MSI,Up Coming,,"৳ 2,000",Out of Stock
Graphics Card,MAXSUN GeForce RTX 3060 12GB GDDR6 ITX Gaming Graphics Card,MAXSUN,Up Coming,,৳ 400,Out of Stock
Graphics Card,MAXSUN GEFORCE RTX 4070TI ICRAFT OC 12G GRAPHICS CARD,MAXSUN,Up Coming,,"৳ 2,000",Out of Stock
Graphics Card,SAPPHIRE PURE AMD RADEON RX 7700 XT 12GB DDR6 GRAPHICS CARD,SAPPHIRE,Up Coming,,"৳ 6,100",Out of Stock
Graphics Card,GIGABYTE ARC A380 WINDFORCE OC 6GB GDDR6 GRAPHICS CARD,GIGABYTE,Up Coming,,"৳ 1,500",Out of Stock
Graphics Card,SPARKLE INTEL ARC A770 TITAN OC EDITION 16GB GDDR6 GRAPHICS CARD,SPARKLE,Up Coming,,"৳ 3,000",Out of Stock
Graphics Card,SAPPHIRE NITRO+ AMD RADEON RX 7700 XT GAMING OC 12GB GDDR6 DUAL GRAPHICS CARD,SAPPHIRE,Up Coming,,"৳ 5,500",Out of Stock
Graphics Card,SPARKLE INTEL ARC A380 ELF 6GB GDDR6 GRAPHICS CARD,SPARKLE,Up Coming,,"৳ 1,900",Out of Stock
Graphics Card,SPARKLE INTEL ARC A750 ORC 8GB GDDR6 OC EDITION GRAPHICS CARD,SPARKLE,Up Coming,,"৳ 3,000",Out of Stock
Graphics Card,GIGABYTE NVIDIA GEFORCE RTX 3050 8GB WINDFORCE OC TWIN FAN GDDR6 GRAPHICS CARD,GIGABYTE,Up Coming,,"৳ 1,500",Out of Stock
Graphics Card,ASROCK INTEL ARC A770 PHANTOM GAMING D 8GB OC GRAPHICS CARD,ASROCK,Up Coming,,"৳ 2,000",Out of Stock
Graphics Card,PNY GEFORCE RTX 4090 24GB OC XLR8 GAMING VERTO EPIC-X RGB TF GRAPHICS CARD,PNY,Up Coming,,"৳ 20,000",Out of Stock
Graphics Card,SAPPHIRE TOXIC AMD RADEON RX 6900 XT LIMITED EDITION GRAPHICS CARD,SAPPHIRE,Up Coming,,"৳ 6,900",Out of Stock
Graphics Card,ZOTAC GAMING GEFORCE RTX 3060 TWIN EDGE 12GB GDDR6 GRAPHICS CARD,ZOTAC,Up Coming,,"৳ 3,000",Out of Stock
Graphics Card,SAPPHIRE NITRO+ AMD RADEON RX 6950 XT GAMING OC 16GB DDR6 GRAPHICS CARD,SAPPHIRE,Up Coming,,"৳ 1,600",Out of Stock
Graphics Card,ARKTEK NVIDIA GT 730 2GB 128BIT GDDR3 GRAPHICS CARD,ARKTEK,Up Coming,,৳ 300,Out of Stock
Graphics Card,ASUS TUF GAMING GEFORCE RTX 3050 OC EDITION 8GB GDDR6 GRAPHICS CARD,ASUS,Up Coming,,"৳ 2,000",Out of Stock
Graphics Card,Colorful Geforce RTX 3060 NB DUO 8G-V 8GB GDDR6 Graphics Card,Colorful,Up Coming,,"৳ 4,000",Out of Stock
Graphics Card,SPARKLE Intel Arc B570 Eclipse OC 10GB DDR6 Graphics Card,SPARKLE,"৳ 29,000","৳ 32,000","৳ 3,000",Out of Stock
Graphics Card,INNO3D GeForce RTX 5070 TI X3 OC 16GB GDDR7 Graphics Card (White),INNO3D,"৳ 109,900","৳ 125,900","৳ 16,000",Out of Stock
Graphics Card,MAXSUN MS-RX580 2048SP Big Mac Plus 8G Graphics Card,MAXSUN,"৳ 16,000","৳ 17,000","৳ 1,000",Out of Stock
Graphics Card,INNO3D GeForce RTX 5070 X3 OC 12GB GDDR7 Graphics Card,INNO3D,"৳ 85,900","৳ 87,500","৳ 1,600",Out of Stock
Graphics Card,Zotac Gaming GeForce RTX 5060 Ti Twin Edge OC Edition 16GB GDDR7 Graphics Card,Zotac,"৳ 69,900","৳ 72,000","৳ 2,100",Out of Stock
Graphics Card,Gigabyte GeForce RTX 5060 AERO OC 8G GDDR7 Graphics Card,Gigabyte,"৳ 52,000","৳ 54,000","৳ 2,000",Out of Stock
Graphics Card,ASUS PRIME GeForce RTX 5060 8GB GDDR7 OC Edition Graphics Card,ASUS,"৳ 52,200","৳ 55,000","৳ 2,800",Out of Stock
Graphics Card,MSI GeForce RTX 5060 Ti 8G GAMING OC 8GB GDDR7 Graphics Card,MSI,"৳ 66,900","৳ 72,000","৳ 5,100",Out of Stock
Graphics Card,INNO3D GeForce RTX 5060 Ti TWIN X2 OC 16GB GDDR7 Graphics Card,INNO3D,"৳ 65,900","৳ 67,900","৳ 2,000",Out of Stock
Graphics Card,INNO3D GeForce RTX 5060 TWIN X2 OC 8GB GDDR7 Graphics Card,INNO3D,"৳ 44,500","৳ 47,500","৳ 3,000",Out of Stock
Graphics Card,SPARKLE TITAN NOX OC Arc B580 12GB DDR6 Graphics Card,SPARKLE,"৳ 39,000","৳ 42,000","৳ 3,000",Out of Stock
Graphics Card,GIGABYTE GeForce RTX 5060 OC Low Profile 8GB GDDR7 Graphics Card,GIGABYTE,"৳ 49,500","৳ 55,000","৳ 5,500",Out of Stock
Graphics Card,Manli Polar Fox V2 GeForce RTX 5080 OC 16GB GDDR7 Graphics Card,Manli,"৳ 120,000","৳ 125,000","৳ 5,000",Out of Stock
Graphics Card,PNY NVIDIA GeForce RTX 5080 Triple Fan 16GB GDDR7 Graphics Card,PNY,"৳ 176,500","৳ 177,500","৳ 1,000",Out of Stock
Graphics Card,PNY GeForce RTX 5070 Ti Triple Fan 16GB GDDR7 Graphics Card,PNY,"৳ 126,000","৳ 136,710","৳ 10,710",Out of Stock
Graphics Card,GIGABYTE GeForce RTX 5060 EAGLE OC 8G GDDR7 Graphics Card,GIGABYTE,"৳ 53,000","৳ 55,000","৳ 2,000",Out of Stock
Graphics Card,ZOTAC GAMING GeForce RTX 5080 SOLID 16GB GDDR7 Graphics Card,ZOTAC,"৳ 159,900","৳ 164,000","৳ 4,100",Out of Stock
Graphics Card,SAPPHIRE PULSE AMD Radeon RX 6750 XT Gaming OC 12GB GDDR6 Graphics Card,SAPPHIRE,"৳ 54,000","৳ 57,000","৳ 3,000",Out of Stock
Graphics Card,GIGABYTE GEFORCE RTX­­ 4060 GAMING OC 8GB GRAPHICS CARD,GIGABYTE,"৳ 45,000","৳ 52,500","৳ 7,500",Out of Stock
Graphics Card,GIGABYTE GEFORCE RTX­­ 4070 TI EAGLE OC 12GB GDDR6X GRAPHICS CARD,GIGABYTE,"৳ 122,000","৳ 130,000","৳ 8,000",Out of Stock
Graphics Card,MSI GeForce RTX 5070 12G VENTUS 2X OC Graphics Card,MSI,"৳ 85,900","৳ 86,900","৳ 1,000",Out of Stock
Graphics Card,MSI GeForce RTX 5060 8G GAMING TRIO OC GDDR7 Graphics Card,MSI,"৳ 56,900","৳ 59,900","৳ 3,000",Out of Stock
Graphics Card,PNY GeForce RTX 5060 Ti 16GB OC Dual Fan GDDR7 Graphics Card,PNY,"৳ 79,500","৳ 82,000","৳ 2,500",Out of Stock
Graphics Card,MSI GeForce RTX 5060 Ti 8G INSPIRE 2X OC GDDR7 Graphics Card,MSI,"৳ 66,900","৳ 68,900","৳ 2,000",Out of Stock
Graphics Card,Gigabyte GeForce RTX 5060 Ti WINDFORCE 16G Graphics Card,Gigabyte,"৳ 75,000","৳ 76,000","৳ 1,000",Out of Stock
Graphics Card,MSI GeForce RTX 5060 Ti 8G GAMING TRIO OC Graphics Card,MSI,"৳ 72,999","৳ 76,300","৳ 3,301",Out of Stock
Graphics Card,Gigabyte GeForce RTX 5060 WINDFORCE 8G GDDR7 Graphics Card,Gigabyte,"৳ 46,500","৳ 50,500","৳ 4,000",Out of Stock
Graphics Card,PowerColor Fighter AMD Radeon RX 7800 XT 16GB GDDR6 Graphics Card,PowerColor,"৳ 71,000","৳ 77,000","৳ 6,000",Out of Stock
Graphics Card,Manli Nebula GeForce RTX 5060 Ti 16GB GDDR7 Graphics Card,Manli,"৳ 84,000","৳ 89,500","৳ 5,500",Out of Stock
Graphics Card,Manli Nebula GeForce RTX 5070 12GB GDDR7 Graphics Card,Manli,"৳ 111,000","৳ 112,000","৳ 1,000",Out of Stock
Graphics Card,ASROCK AMD Radeon RX 9060 XT Steel Legend 16GB OC GDDR6 Graphics Card,ASROCK,"৳ 56,499","৳ 60,500","৳ 4,001",Out of Stock
Graphics Card,Gigabyte GeForce RTX 5070 WINDFORCE SFF 12G 12GB GDDR7 Graphics Card,Gigabyte,"৳ 94,000","৳ 110,000","৳ 16,000",Out of Stock
Graphics Card,Gigabyte GeForce RTX 5060 Ti EAGLE OC 16G 16GB GDDR7 Graphics Card,Gigabyte,"৳ 72,500","৳ 77,500","৳ 5,000",Out of Stock
Graphics Card,PNY GeForce RTX 5070 Triple Fan 12GB GDDR7 Graphic Card,PNY,"৳ 78,500","৳ 94,000","৳ 15,500",Out of Stock
Graphics Card,Gigabyte GeForce RTX 5060 Ti GAMING OC 16G Graphics Card,Gigabyte,"৳ 77,000","৳ 79,000","৳ 2,000",Out of Stock
Graphics Card,Gigabyte GeForce RTX 3050 WINDFORCE 6G Graphics Card,Gigabyte,"৳ 27,000","৳ 28,000","৳ 1,000",Out of Stock
Graphics Card,MSI GeForce RTX 5060 Ti 16G VANGUARD SOC 16GB GDDR7 Graphics Card,MSI,"৳ 79,900","৳ 82,900","৳ 3,000",Out of Stock
Graphics Card,MSI GeForce RTX 5060 Ti 8G VENTUS 3X OC 8GB GDDR7 Graphics Card,MSI,"৳ 63,900","৳ 67,900","৳ 4,000",Out of Stock
Graphics Card,ZOTAC GAMING GeForce RTX 5060 Ti AMP 16GB GDDR7 Graphics Card,ZOTAC,"৳ 67,900","৳ 70,000","৳ 2,100",Out of Stock
Graphics Card,ZOTAC GAMING GeForce RTX 5060 Ti Twin Edge 8GB GDDR7 Graphics Card,ZOTAC,"৳ 54,900","৳ 60,000","৳ 5,100",Out of Stock
Graphics Card,ZOTAC GAMING GeForce RTX 5060 Ti Twin Edge OC 16GB GDDR7 Graphics Card,ZOTAC,"৳ 67,900","৳ 72,000","৳ 4,100",Out of Stock
Graphics Card,OCPC Radeon RX 6600 LE 8GB XE GDDR6 Graphics Card,OCPC,"৳ 28,500","৳ 29,500","৳ 1,000",Out of Stock
Graphics Card,ASRock AMD Radeon RX 9070 XT Steel Legend 16GB GDDR6 White Graphics Card,ASRock,"৳ 112,000","৳ 125,000","৳ 13,000",Out of Stock
Graphics Card,Gigabyte AORUS GeForce RTX 5060 ELITE 8G GDDR7 Graphics Card,Gigabyte,"৳ 54,000","৳ 57,000","৳ 3,000",Out of Stock
Graphics Card,ZOTAC GAMING GeForce RTX 5070 TI SOLID CORE 16GB GDDR7 Graphics Card,ZOTAC,"৳ 114,900","৳ 118,900","৳ 4,000",Out of Stock
Graphics Card,Asrock AMD Radeon RX 9070 XT Steel Legend Dark 16GB Graphics Card,Asrock,"৳ 115,000","৳ 125,000","৳ 10,000",Out of Stock
Graphics Card,ZOTAC GAMING GeForce RTX 5070 Ti SOLID OC 16GB GDDR7 Graphics Card,ZOTAC,"৳ 129,900","৳ 135,000","৳ 5,100",Out of Stock
Graphics Card,ASUS TUF Gaming GeForce RTX 5080 16GB GDDR7 OC Edition Graphics Card,ASUS,"৳ 238,000","৳ 255,000","৳ 17,000",Out of Stock
Graphics Card,MSI GeForce RTX 5070 Ti 16G INSPIRE 3X OC PLUS Graphics Card,MSI,"৳ 134,500","৳ 135,500","৳ 1,000",Out of Stock
Graphics Card,ASUS ROG Astral GeForce RTX 5090 32GB GDDR7 28 Gbps Graphics Card,ASUS,"৳ 650,000","৳ 690,000","৳ 40,000",Out of Stock
Graphics Card,"৳ 151,200",৳,Out of Stock,Out of Stock,Gigabyte GeForce RTX 5070 Ti EAGLE OC ICE SFF 16G GDDR7 Graphics Card,Out of Stock
Graphics Card,Gigabyte GeForce RTX 5070 Ti AERO OC 16G GDDR7 Graphics Card,Gigabyte,"৳ 154,900","৳ 157,500","৳ 2,600",Out of Stock
Graphics Card,"৳ 162,400",৳,Out of Stock,Out of Stock,Gigabyte AORUS GeForce RTX 5070 Ti MASTER 16G Graphics Card,Out of Stock
Graphics Card,Gigabyte AORUS GeForce RTX 5080 MASTER 16G Graphics Card,Gigabyte,"৳ 217,000","৳ 219,000","৳ 2,000",Out of Stock
Graphics Card,Gigabyte AORUS GeForce RTX 5080 MASTER ICE 16G Graphics Card,Gigabyte,"৳ 224,000","৳ 235,000","৳ 11,000",Out of Stock
Graphics Card,Gigabyte GeForce RTX 5090 WINDFORCE OC 32G GDDR7 Graphics Card,Gigabyte,"৳ 408,000","৳ 425,000","৳ 17,000",Out of Stock
Graphics Card,ONIX ODYSSEY Intel Arc B580 12GB GDDR6 Graphics Card (Black),ONIX,"৳ 33,500","৳ 37,500","৳ 4,000",Out of Stock
Graphics Card,ONIX ODYSSEY Intel Arc B570 GDDR6 Graphics Card (Black),ONIX,"৳ 31,000","৳ 33,100","৳ 2,100",Out of Stock
Graphics Card,MAXSUN Intel Arc B580 Milestone 12GB GDDR6 Graphics Card (Black),MAXSUN,"৳ 37,000","৳ 39,500","৳ 2,500",Out of Stock
Graphics Card,ASUS Dual GeForce RTX 4060 V2 OC Edition 128-bit 8GB GDDR6 Graphics Card (Black),ASUS,"৳ 48,000","৳ 55,000","৳ 7,000",Out of Stock
Graphics Card,ASUS ProArt GeForce RTX 4060 Ti OC Edition 16GB GDDR6 Graphics Card,ASUS,"৳ 76,000","৳ 79,999","৳ 3,999",Out of Stock
Graphics Card,Asus Dual GeForce RTX 4070 EVO OC Edition 12GB GDDR6X Graphics Card,Asus,"৳ 87,000","৳ 89,999","৳ 2,999",Out of Stock
Graphics Card,MSI GeForce RTX 5090 32G VANGUARD SOC LAUNCH EDITION Graphics Card,MSI,"৳ 392,900","৳ 420,900","৳ 28,000",Out of Stock
Graphics Card,ASUS TUF Gaming GeForce RTX 4070 SUPER 12GB GDDR6X OC Edition Graphics Card,ASUS,"৳ 108,000","৳ 118,800","৳ 10,800",Out of Stock
Graphics Card,Gigabyte GeForce RTX 4090 AERO OC 24G Graphics Card,Gigabyte,"৳ 290,000","৳ 310,000","৳ 20,000",Out of Stock
Graphics Card,GIGABYTE GeForce RTX 4080 SUPER WINDFORCE 16GB GDDR6X Graphics Card,GIGABYTE,"৳ 175,500","৳ 195,000","৳ 19,500",Out of Stock
Graphics Card,GIGABYTE GeForce RTX 4070 Ti Super WINDFORCE OC 16G Graphics Card,GIGABYTE,"৳ 125,000","৳ 135,000","৳ 10,000",Out of Stock
Graphics Card,PNY GeForce RTX 4060 8GB GDDR6 XLR8 Gaming VERTO EPIC-X RGB Triple Fan Graphics Card,PNY,"৳ 48,000","৳ 50,000","৳ 2,000",Out of Stock
Graphics Card,PNY GeForce RTX 4060 Ti 8GB GDDR6 XLR8 Gaming VERTO EPIC-X RGB Triple Fan Graphics Card,PNY,"৳ 60,000","৳ 63,000","৳ 3,000",Out of Stock
Graphics Card,MSI GeForce RTX 3060 VENTUS 2X 12GB Graphics Card,MSI,"৳ 38,900","৳ 41,500","৳ 2,600",Out of Stock
Graphics Card,MSI GeForce RTX 4060 Ti VENTUS 3X E 8G OC GDDR6 Graphics Card,MSI,"৳ 56,400","৳ 65,000","৳ 8,600",Out of Stock
Graphics Card,MSI GeForce RTX 4070 Ti SUPER 16G SHADOW 3X OC GDDR6X Graphics Card,MSI,"৳ 117,400","৳ 139,900","৳ 22,500",Out of Stock
Graphics Card,Maxsun GeForce RTX 4060 Ti Terminator 8GB GDDR6 Graphics Card (Black),Maxsun,"৳ 53,000","৳ 60,500","৳ 7,500",Out of Stock
Graphics Card,Gigabyte GeForce RTX 4070 SUPER EAGLE OC ICE 12G Graphics Card,Gigabyte,"৳ 91,000","৳ 96,000","৳ 5,000",Out of Stock
Graphics Card,Powercolor Hellhound AMD Radeon RX 7800 XT 16GB GDDR6 Graphics Card,Powercolor,"৳ 73,500","৳ 77,500","৳ 4,000",Out of Stock
Graphics Card,PowerColor Hellhound AMD Radeon RX 7700 XT 12GB GDDR6 Graphics Card,PowerColor,"৳ 62,800","৳ 65,500","৳ 2,700",Out of Stock
Graphics Card,Maxsun GeForce RTX 3060 iCraft OC 8GB Graphics Card,Maxsun,"৳ 37,500","৳ 46,500","৳ 9,000",Out of Stock
Graphics Card,MAXSUN GeForce RTX3060 Terminator Nvidia 12GB GDDR6 Graphics Card,MAXSUN,"৳ 36,500","৳ 45,000","৳ 8,500",Out of Stock
Graphics Card,Maxsun GeForce RTX4060 Terminator 8GB Graphics Card (White),Maxsun,"৳ 44,500","৳ 48,500","৳ 4,000",Out of Stock
Graphics Card,MAXSUN GeForce RTX 4060 Terminator 8GB GDDR6 Graphics Card (Black),MAXSUN,"৳ 44,000","৳ 50,000","৳ 6,000",Out of Stock
Graphics Card,GUNNIR Intel Arc A750 Photon ELDEN RING Edition 8G OC GDDR6 Graphics Card,GUNNIR,"৳ 29,000","৳ 30,500","৳ 1,500",Out of Stock
Graphics Card,MSI GeForce RTX 4070 SUPER 12G GAMING SLIM World of Warcraft EDITION Graphics Card,MSI,"৳ 103,900","৳ 108,500","৳ 4,600",Out of Stock
Graphics Card,GIGABYTE GeForce RTX 4070 Ti SUPER EAGLE OC ICE 16GB GDDR6X Graphics Card,GIGABYTE,"৳ 125,000","৳ 141,000","৳ 16,000",Out of Stock
Graphics Card,GIGABYTE GeForce RTX 4060 EAGLE OC ICE 8G GDDR6 Graphics Card,GIGABYTE,"৳ 53,500","৳ 56,000","৳ 2,500",Out of Stock
Graphics Card,SAPPHIRE Nitro+ AMD Radeon RX 7800 XT Gaming OC 16GB GDDR6 Desktop Graphics Card,SAPPHIRE,"৳ 75,000","৳ 83,500","৳ 8,500",Out of Stock
Graphics Card,MSI GT 710 2GD3H LP 2GB DDR3 Graphics Card,MSI,"৳ 5,300","৳ 5,800",৳ 500,Out of Stock
Graphics Card,ASRock Intel Arc A580 Challenger 8GB OC GDDR6 Graphics Card,ASRock,"৳ 24,000","৳ 25,500","৳ 1,500",Out of Stock
Graphics Card,Asrock Intel Arc A750 Challenger SE 8GB OC GDDR6 Graphics Card,Asrock,"৳ 28,200","৳ 29,500","৳ 1,300",Out of Stock
Graphics Card,Asrock Intel Arc A380 Low Profile 6GB GDDR6 Graphics Card,Asrock,"৳ 15,300","৳ 16,500","৳ 1,200",Out of Stock
Graphics Card,ASUS Dual GeForce GTX 1650 EVO OC Edition 4GB GDDR6 Graphics Card,ASUS,"৳ 23,200","৳ 25,000","৳ 1,800",Out of Stock
Graphics Card,ASUS TUF Gaming GeForce RTX 4070 Ti SUPER 16GB GDDR6X OC Edition Graphics Card (White),ASUS,"৳ 146,000","৳ 177,000","৳ 31,000",Out of Stock
Graphics Card,ASUS TUF Gaming GeForce RTX 4070 Ti SUPER 16GB GDDR6X OC Edition RGB Gaming Graphics Card,ASUS,"৳ 157,000","৳ 178,500","৳ 21,500",Out of Stock
Graphics Card,Asus ROG Strix GeForce RTX 4080 SUPER 16GB OC White Edition GDDR6X Graphics Card,Asus,"৳ 215,000","৳ 234,000","৳ 19,000",Out of Stock
Graphics Card,Asus ROG Strix GeForce RTX 4080 SUPER 16GB OC Edition GDDR6X Graphics Card,Asus,"৳ 207,000","৳ 210,500","৳ 3,500",Out of Stock
Graphics Card,ASUS TUF Gaming GeForce RTX 4080 SUPER 16GB OC Edition GDDR6X Graphics Card,ASUS,"৳ 193,000","৳ 213,000","৳ 20,000",Out of Stock
Graphics Card,ZOTAC GAMING GeForce RTX 3050 6GB GDDR6 Solo Graphics Card,ZOTAC,"৳ 25,500","৳ 26,500","৳ 1,000",Out of Stock
Graphics Card,Asus Dual GeForce RTX 4060 EVO 8GB GDDR6X OC Graphics Card,Asus,"৳ 50,000","৳ 52,500","৳ 2,500",Out of Stock
Graphics Card,Asus Dual -RTX4070S-O12G-EVO NVIDIA GeForce RTX 4070 SUPER 12 GB Graphics Card,Asus,"৳ 97,000","৳ 98,000","৳ 1,000",Out of Stock
Graphics Card,OCPC GeForce RTX 4060 8GB GDDR6 Gaming Graphics Card,OCPC,"৳ 43,000","৳ 47,000","৳ 4,000",Out of Stock
Graphics Card,MSI GeForce RTX 4060 Ti VENTUS 2X E1 OC 8GB GDDR6 Graphics Card,MSI,"৳ 52,200","৳ 58,200","৳ 6,000",Out of Stock
Graphics Card,Gigabyte GeForce RTX 4070 Ti SUPER AERO OC 16GB Graphics card,Gigabyte,"৳ 127,000","৳ 130,500","৳ 3,500",Out of Stock
Graphics Card,Asus ProArt GeForce RTX 4070 Ti OC edition 12GB GDDR6X Graphics Card,Asus,"৳ 135,500","৳ 138,000","৳ 2,500",Out of Stock
Graphics Card,MSI GeForce RTX 4070 Ti SUPER 16GB EXPERT GDDR6X Graphics Card,MSI,"৳ 123,400","৳ 152,700","৳ 29,300",Out of Stock
Graphics Card,OCPC GTX 1650 4GB XE BLACK GDDR6 Graphics Card,OCPC,"৳ 18,800","৳ 22,300","৳ 3,500",Out of Stock
Graphics Card,OCPC Radeon RX 550 4GB SEGDDR5 Graphics Card,OCPC,"৳ 9,750","৳ 10,000",৳ 250,Out of Stock
Graphics Card,Gigabyte Geforce RTX 4090 Windforce V2 24GB ATX GDDR6X Graphics Card,Gigabyte,"৳ 275,000","৳ 311,000","৳ 36,000",Out of Stock
Graphics Card,SAPPHIRE NITRO+ Radeon RX 7900 GRE 16GB GDDR6 Graphics Card,SAPPHIRE,"৳ 83,000","৳ 84,900","৳ 1,900",Out of Stock
Graphics Card,SAPPHIRE Pure AMD Radeon RX 7700 XT Gaming OC 12GB GDDR6 Graphics Card,SAPPHIRE,"৳ 60,000","৳ 63,500","৳ 3,500",Out of Stock
Graphics Card,GIGABYTE AORUS GeForce RTX 4080 Super Master 16GB Graphics Card,GIGABYTE,"৳ 194,000","৳ 210,500","৳ 16,500",Out of Stock
Graphics Card,PELADN RX 6500 XT 8GD6 ARMOUR Gaming Graphics Card,PELADN,"৳ 21,500","৳ 23,000","৳ 1,500",Out of Stock
Graphics Card,Gigabyte GeForce RTX 4070 Ti SUPER GAMING OC 16GB Graphics Card,Gigabyte,"৳ 124,000","৳ 131,000","৳ 7,000",Out of Stock
Graphics Card,Gigabyte GeForce RTX 4070 SUPER WINDFORCE OC 12GB Graphics card,Gigabyte,"৳ 87,500","৳ 89,999","৳ 2,499",Out of Stock
Graphics Card,Gigabyte GeForce RTX 4080 SUPER AERO OC 16G 16GB Graphics Card,Gigabyte,"৳ 178,000","৳ 193,000","৳ 15,000",Out of Stock
Graphics Card,Gigabyte GeForce RTX 4070 Ti SUPER EAGLE OC 16G 16GB Graphics Card,Gigabyte,"৳ 125,000","৳ 139,900","৳ 14,900",Out of Stock
Graphics Card,Gigabyte GeForce RTX 4070 SUPER GAMING OC 12G 12GB Graphics Card,Gigabyte,"৳ 89,000","৳ 92,000","৳ 3,000",Out of Stock
Graphics Card,Gigabyte GeForce RTX 4070 SUPER EAGLE OC 12G 12GB Gaming Graphics Card,Gigabyte,"৳ 89,500","৳ 91,999","৳ 2,499",Out of Stock
Graphics Card,Gigabyte GeForce RTX 4070 SUPER AERO OC 12G 12GB Gaming Graphics Card,Gigabyte,"৳ 89,990","৳ 91,999","৳ 2,009",Out of Stock
Graphics Card,MSI GeForce RTX 4080 SUPER 16G VENTUS 3X OC Graphics Card,MSI,"৳ 157,400","৳ 194,900","৳ 37,500",Out of Stock
Graphics Card,MSI GeForce RTX 4070 Ti SUPER 16GB VENTUS 2X OC Graphics Card,MSI,"৳ 114,500","৳ 130,900","৳ 16,400",Out of Stock
Graphics Card,MSI GeForce RTX 4070 Ti SUPER 16G VENTUS 3X OC Graphics Card,MSI,"৳ 116,400","৳ 119,000","৳ 2,600",Out of Stock
Graphics Card,Gigabyte GeForce RTX 4080 SUPER GAMING OC 16GB Graphics Card,Gigabyte,"৳ 170,000","৳ 196,500","৳ 26,500",Out of Stock
Graphics Card,Maxsun AMD Radeon RX 580 8GB GDDR5 Graphics Card (White),Maxsun,"৳ 16,000","৳ 17,500","৳ 1,500",Out of Stock
Graphics Card,OCPC RX 5500 XT 8GB GDDR6 Graphics Card,OCPC,"৳ 19,990","৳ 23,500","৳ 3,510",Out of Stock
Graphics Card,MSI GeForce RTX 4070 SUPER 12G GAMING X SLIM Graphics Card (WHITE),MSI,"৳ 102,999","৳ 115,000","৳ 12,001",Out of Stock
Graphics Card,ASUS TUF Gaming GeForce RTX 4070 Ti 12GB GDDR6X OC Edition Graphics Card,ASUS,"৳ 130,000","৳ 138,000","৳ 8,000",Out of Stock
Graphics Card,Sapphire RX 7600 XT Pulse 16GB GDDR6 Graphics card,Sapphire,"৳ 45,000","৳ 48,000","৳ 3,000",Out of Stock
Graphics Card,Maxsun AMD Radeon RX 580 8GB GDDR5 Graphics Card (Black),Maxsun,"৳ 12,500","৳ 13,800","৳ 1,300",Out of Stock
Graphics Card,MAXSUN GeForce RTX 4060 iCraft OC 8G Limited X2 Graphics Card,MAXSUN,"৳ 45,000","৳ 50,000","৳ 5,000",Out of Stock
Graphics Card,PELADN RX 6500 XT 8G ARMOUR Navi GDDR6 Gaming Graphics Card,PELADN,"৳ 21,500","৳ 23,500","৳ 2,000",Out of Stock
Graphics Card,Maxsun GeForce RTX 4070 Ti iCraft Limited Edition OC 12GB GDDR6X Graphics Card (Anime White GPU),Maxsun,"৳ 108,000","৳ 115,500","৳ 7,500",Out of Stock
Graphics Card,ASUS TUF Gaming GeForce RTX 4070 Ti 12GB GDDR6X Graphics Card,ASUS,"৳ 130,000","৳ 131,000","৳ 1,000",Out of Stock
Graphics Card,MSI Geforce RTX 4060 Gaming X 8G GDDR6 MLG Graphics Card,MSI,"৳ 44,000","৳ 46,000","৳ 2,000",Out of Stock
Graphics Card,Maxsun Geforce RTX 4060 8GB ICRAFT OC Graphics Card,Maxsun,"৳ 44,500","৳ 46,500","৳ 2,000",Out of Stock
Graphics Card,ASUS Dual GeForce RTX 4070 White OC Edition 12GB GDDR6X Graphics Card,ASUS,"৳ 98,000","৳ 100,000","৳ 2,000",Out of Stock
Graphics Card,Asus ROG Strix GeForce RTX 4060 OC Edition 8GB GDDR6 Graphics Card,Asus,"৳ 59,800","৳ 62,500","৳ 2,700",Out of Stock
Graphics Card,Asus ROG Strix GeForce RTX 4070 12GB GDDR6X OC Edition Graphics Card,Asus,"৳ 121,500","৳ 122,500","৳ 1,000",Out of Stock
Graphics Card,ASUS TUF Gaming GeForce RTX 4070 12GB GDDR6X OC Edition Graphics Card,ASUS,"৳ 103,500","৳ 110,000","৳ 6,500",Out of Stock
Graphics Card,Asus Rog Strix Geforce Rtx 4070 TI 12GB GDDR6X Graphics Card,Asus,"৳ 154,000","৳ 167,000","৳ 13,000",Out of Stock
Graphics Card,OCPC RX 580 16GB GDDR5 GRAPHICS CARD,OCPC,"৳ 14,500","৳ 16,500","৳ 2,000",Out of Stock
Graphics Card,OCPC RX 580 8GB GDDR5 XE GRAPHICS CARD,OCPC,"৳ 13,500","৳ 15,500","৳ 2,000",Out of Stock
Graphics Card,OCPC GTX 1660 SUPER XE 6GB GDDR6 GRAPHICS CARD,OCPC,"৳ 23,999","৳ 25,500","৳ 1,501",Out of Stock
Graphics Card,OCPC RTX 3060 12GB GDDR6 GAMING CARD,OCPC,"৳ 39,000","৳ 43,000","৳ 4,000",Out of Stock
Graphics Card,ASUS PROART GEFORCE RTX 4060 OC 8GB GDDR6 GRAPHICS CARD,ASUS,"৳ 57,700","৳ 66,000","৳ 8,300",Out of Stock
Graphics Card,ASUS PROART GEFORCE RTX 4070 OC 12GB GDDR6X GRAPHICS CARD,ASUS,"৳ 107,000","৳ 110,000","৳ 3,000",Out of Stock
Graphics Card,ZOTAC GAMING GEFORCE RTX 3050 ECO SOLO 8GB GDDR6 GRAPHICS CARD,ZOTAC,"৳ 31,500","৳ 33,500","৳ 2,000",Out of Stock
Graphics Card,MSI GEFORCE RTX 4060 GAMING X NV EDITION 8G GRAPHICS CARD,MSI,"৳ 44,000","৳ 47,000","৳ 3,000",Out of Stock
Graphics Card,PNY GeForce RTX 4070 12GB XLR8 Gaming VERTO EPIC-X RGB Triple Fan GRAPHICS CARD,PNY,"৳ 80,000","৳ 91,000","৳ 11,000",Out of Stock
Graphics Card,SAPPHIRE PURE AMD RADEON RX 7800 XT GAMING 16GB GDDR6 GRAPHICS CARD,SAPPHIRE,"৳ 73,000","৳ 87,000","৳ 14,000",Out of Stock
Graphics Card,SAPPHIRE NITRO+ AMD RADEON RX 7800 XT 16GB DDR6 GRAPHICS CARD,SAPPHIRE,"৳ 75,900","৳ 79,900","৳ 4,000",Out of Stock
Graphics Card,SAPPHIRE PULSE AMD RADEON RX 7800 XT 16GB GRAPHICS CARD,SAPPHIRE,"৳ 76,000","৳ 79,500","৳ 3,500",Out of Stock
Graphics Card,GIGABYTE AORUS GEFORCE RTX 4070 MASTER 12G GRAPHICS CARD,GIGABYTE,"৳ 97,800","৳ 98,000",৳ 200,Out of Stock
Graphics Card,ZOTAC GAMING GEFORCE RTX 4060 8GB TWIN EDGE GRAPHICS CARD,ZOTAC,"৳ 38,700","৳ 40,900","৳ 2,200",Out of Stock
Graphics Card,ZOTAC GAMING GEFORCE RTX 4060 8GB TWIN EDGE OC GRAPHICS CARD,ZOTAC,"৳ 38,700","৳ 45,000","৳ 6,300",Out of Stock
Graphics Card,MSI GEFORCE RTX 4080 VENTUS 3X OC 16GB GRAPHICS CARD,MSI,"৳ 149,900","৳ 175,900","৳ 26,000",Out of Stock
Graphics Card,MSI GEFORCE RTX 4080 16GB GAMING X SLIM GDDR6X GRAPHICS CARD,MSI,"৳ 164,500","৳ 179,900","৳ 15,400",Out of Stock
Graphics Card,GUNNIR INTEL ARC A750 PHOTON 8G OC WHITE X GRAPHICS CARD ASIAN GAMES EDITION,GUNNIR,"৳ 29,000","৳ 32,000","৳ 3,000",Out of Stock
Graphics Card,GUNNIR INTEL ARC A770 PHOTON 16G OC WHITE X GRAPHICS CARD ASIAN GAMES EDITION,GUNNIR,"৳ 39,500","৳ 41,500","৳ 2,000",Out of Stock
Graphics Card,SAPPHIRE PULSE AMD RADEON RX 7700 XT GAMING 12GB GDDR6 DUAL GRAPHICS CARD,SAPPHIRE,"৳ 61,000","৳ 69,500","৳ 8,500",Out of Stock
Graphics Card,MSI GEFORCE RTX 4060 TI GAMING X SLIM WHITE 16G GRAPHICS CARD,MSI,"৳ 62,900","৳ 64,900","৳ 2,000",Out of Stock
Graphics Card,MSI GEFORCE RTX 4060 VENTUS 2X WHITE 8GB OC GDDR6 GRAPHICS CARD,MSI,"৳ 39,500","৳ 41,500","৳ 2,000",Out of Stock
Graphics Card,GIGABYTE GEFORCE RTX 4060 AORUS ELITE 8GB GRAPHICS CARD,GIGABYTE,"৳ 52,000","৳ 55,000","৳ 3,000",Out of Stock
Graphics Card,GIGABYTE GEFORCE RTX 4060 EAGLE OC 8GB GDDR6 GRAPHICS CARD,GIGABYTE,"৳ 42,500","৳ 44,500","৳ 2,000",Out of Stock
Graphics Card,GIGABYTE GEFORCE RTX 4060 AERO OC 8GB GDDR6 GRAPHICS CARD,GIGABYTE,"৳ 50,500","৳ 56,500","৳ 6,000",Out of Stock
Graphics Card,GIGABYTE GEFORCE RTX 4060 WINDFORCE OC 8GB GDDR6 GRAPHICS CARD,GIGABYTE,"৳ 38,500","৳ 39,500","৳ 1,000",Out of Stock
Graphics Card,PELADN RX 550 4G GAMING 4GB GDDR5 128 BIT GRAPHICS CARD,PELADN,"৳ 9,900","৳ 10,900","৳ 1,000",Out of Stock
Graphics Card,PELADN RX 5600 6GB GDDR6 GRAPHIC CARD,PELADN,"৳ 20,500","৳ 24,000","৳ 3,500",Out of Stock
Graphics Card,PELADN GTX 1660 SUPER 6G GDDR6 192BIT GAMING GRAPHICS CARD,PELADN,"৳ 22,500","৳ 24,500","৳ 2,000",Out of Stock
Graphics Card,MSI GEFORCE RTX 4060 TI GAMING X 16GB GRAPHICS CARD,MSI,"৳ 67,500","৳ 71,500","৳ 4,000",Out of Stock
Graphics Card,MSI GEFORCE RTX 4060 TI VENTUS 2X BLACK 16G OC 16GB GRAPHICS CARD,MSI,"৳ 66,900","৳ 71,900","৳ 5,000",Out of Stock
Graphics Card,MSI GEFORCE RTX 4060 TI GAMING X SLIM 16GB GDDR6 GRAPHICS CARD,MSI,"৳ 68,500","৳ 75,000","৳ 6,500",Out of Stock
Graphics Card,MSI GEFORCE RTX 4060 GAMING X 8GB GDDR6 GRAPHICS CARD,MSI,"৳ 44,000","৳ 46,500","৳ 2,500",Out of Stock
Graphics Card,Zotac Gaming Geforce RTX 4060 8GB Twin Edge OC Graphics Card (White),Zotac,"৳ 45,000","৳ 45,500",৳ 500,Out of Stock
Graphics Card,ZOTAC GAMING GEFORCE RTX 4060 8GB GDDR6 SOLO GRAPHICS CARD,ZOTAC,"৳ 40,900","৳ 45,500","৳ 4,600",Out of Stock
Graphics Card,PELADN RX 5500 XT 8G GDDR6 128 BIT GAMING GRAPHICS CARD WITH DUAL FANS COOLING BLACK,PELADN,"৳ 18,900","৳ 22,000","৳ 3,100",Out of Stock
Graphics Card,PNY GEFORCE RTX 4070 12GB VERTO DUAL FAN DLSS 3 GRAPHICS CARD,PNY,"৳ 52,000","৳ 82,000","৳ 30,000",Out of Stock
Graphics Card,PNY GEFORCE RTX 4060 TI 8GB VERTO DUAL FAN GRAPHICS CARD,PNY,"৳ 46,000","৳ 57,500","৳ 11,500",Out of Stock
Graphics Card,MSI GEFORCE RTX 3050 VENTUS 2X XS 8GB OC GDDR6 GRAPHICS CARD,MSI,"৳ 28,900","৳ 32,900","৳ 4,000",Out of Stock
Graphics Card,ASUS ROG STRIX GEFORCE RTX 4080 16GB GDDR6X OC EDITION GRAPHICS CARD,ASUS,"৳ 207,000","৳ 208,000","৳ 1,000",Out of Stock
Graphics Card,MSI GEFORCE RTX 4060 TI VENTUS 3X 8GB OC GDDR6 GRAPHICS CARD,MSI,"৳ 56,800","৳ 65,000","৳ 8,200",Out of Stock
Graphics Card,MSI GEFORCE RTX 4060 TI VENTUS 2X BLACK 8GB OC GDDR6 GRAPHICS CARD,MSI,"৳ 56,200","৳ 61,900","৳ 5,700",Out of Stock
Graphics Card,MSI GEFORCE RTX 4060 TI GAMING X 8GB GDDR6 GRAPHICS CARD,MSI,"৳ 57,500","৳ 65,900","৳ 8,400",Out of Stock
Graphics Card,ASUS TUF Gaming GeForce RTX 4080 16GB GDDR6X OC Edition GRAPHICS CARD,ASUS,"৳ 205,000","৳ 215,000","৳ 10,000",Out of Stock
Graphics Card,INTEL ARC A770 8GB GDDR6 GRAPHICS CARD,INTEL,"৳ 39,500","৳ 42,500","৳ 3,000",Out of Stock
Graphics Card,ASUS ROG STRIX GEFORCE RTX 4090 OC EDITION GDDR6X 24GB GRAPHICS CARD,ASUS,"৳ 337,000","৳ 345,000","৳ 8,000",Out of Stock
Graphics Card,ASUS ROG STRIX GEFORCE RTX 4090 24GB GDDR6X WHITE EDITION GRAPHICS CARD,ASUS,"৳ 310,000","৳ 315,500","৳ 5,500",Out of Stock
Graphics Card,SAPPHIRE PULSE AMD RADEON RX 7600 GAMING OC 8G DDR6 GRAPHICS CARD,SAPPHIRE,"৳ 33,000","৳ 36,500","৳ 3,500",Out of Stock
Graphics Card,GIGABYTE GEFORCE RTX 4070 AERO OC 12G GRAPHICS CARD,GIGABYTE,"৳ 93,000","৳ 96,500","৳ 3,500",Out of Stock
Graphics Card,GIGABYTE GEFORCE RTX 4070 EAGLE OC 12G GRAPHICS CARD,GIGABYTE,"৳ 82,200","৳ 85,500","৳ 3,300",Out of Stock
Graphics Card,GIGABYTE GEFORCE RTX 4070 WINDFORCE OC 12G GRAPHICS CARD,GIGABYTE,"৳ 86,500","৳ 93,500","৳ 7,000",Out of Stock
Graphics Card,INTEL ARC A750 8GB GDDR6 LIMITED TIGER GOLD EDITION GRAPHICS CARD,INTEL,"৳ 29,500","৳ 35,000","৳ 5,500",Out of Stock
Graphics Card,INTEL ARC A770 LIMITED EDITION DUAL FAN 16GB GDDR6 GRAPHICS CARD,INTEL,"৳ 40,000","৳ 42,500","৳ 2,500",Out of Stock
Graphics Card,PNY GEFORCE RTX 4070 TI 12GB VERTO TRIPLE FAN DLSS 3 GRAPHICS CARD,PNY,"৳ 106,500","৳ 112,000","৳ 5,500",Out of Stock
Graphics Card,PNY GeForce RTX 4070 Ti 12GB LED Verto White Edition GRAPHICS CARD,PNY,"৳ 106,500","৳ 120,000","৳ 13,500",Out of Stock
Graphics Card,GUNNIR INTEL ARC A750 PHOTON 8G OC GRAPHICS CARD,GUNNIR,"৳ 27,500","৳ 29,900","৳ 2,400",Out of Stock
Graphics Card,GUNNIR INTEL ARC A770 PHOTON 16G OC W GRAPHICS CARD,GUNNIR,"৳ 34,500","৳ 37,900","৳ 3,400",Out of Stock
Graphics Card,GUNNIR INTEL ARC A770 PHOTON 8G OC GRAPHICS CARD,GUNNIR,"৳ 40,000","৳ 42,500","৳ 2,500",Out of Stock
Graphics Card,PELADN GTX 1660 TI 6G GDDR6 192BIT DUAL FANS GAMING GRAPHICS CARD,PELADN,"৳ 22,300","৳ 25,500","৳ 3,200",Out of Stock
Graphics Card,PELADN RX 5500 XT 8G GDDR6 128 bit Gaming Graphics Card,PELADN,"৳ 19,200","৳ 21,500","৳ 2,300",Out of Stock
Graphics Card,PELADN RX 580 8GB 256Bit Dual Fans Gaming Graphics Card,PELADN,"৳ 13,900","৳ 15,500","৳ 1,600",Out of Stock
Graphics Card,INTEL ARC A750 Limited Edition 8GB GDDR6 GRAPHICS CARD,INTEL,"৳ 28,500","৳ 32,000","৳ 3,500",Out of Stock
Graphics Card,SAPPHIRE AMD RADEON RX 7900 XT 20GB GRAPHICS CARD,SAPPHIRE,"৳ 102,000","৳ 110,000","৳ 8,000",Out of Stock
Graphics Card,SAPPHIRE AMD RADEON RX 7900 XTX 24GB GDDR6 GRAPHICS CARD,SAPPHIRE,"৳ 119,000","৳ 200,000","৳ 81,000",Out of Stock
Graphics Card,MSI GEFORCE RTX 4070 TI GAMING X TRIO WHITE 12GB GDDR6X GRAPHICS CARD,MSI,"৳ 126,000","৳ 126,900",৳ 900,Out of Stock
Graphics Card,ZOTAC GAMING GEFORCE RTX 3050 SOLO 8GB GDDR6 GRAPHICS CARD,ZOTAC,"৳ 25,500","৳ 32,500","৳ 7,000",Out of Stock
Graphics Card,PNY GEFORCE RTX 4080 16GB UPRISING TRIPLE FAN GRAPHICS CARD,PNY,"৳ 162,000","৳ 168,500","৳ 6,500",Out of Stock
Graphics Card,PNY GeForce RTX 4070 Ti 12GB XLR8 Gaming Verto TF OC GRAPHICS CARD,PNY,"৳ 119,900","৳ 135,500","৳ 15,600",Out of Stock
Graphics Card,GIGABYTE GEFORCE RTX 3060 GAMING OC 8G GRAPHICS CARD,GIGABYTE,"৳ 41,000","৳ 45,500","৳ 4,500",Out of Stock
Graphics Card,GIGABYTE GEFORCE RTX 3060 WINDFORCE OC 12GB GRAPHICS CARD,GIGABYTE,"৳ 37,000","৳ 45,000","৳ 8,000",Out of Stock
Graphics Card,GIGABYTE GEFORCE RTX 3060 EAGLE 12GB GRAPHICS CARD,GIGABYTE,"৳ 43,900","৳ 44,500",৳ 600,Out of Stock
Graphics Card,PNY GEFORCE RTX 3050 8GB VERTO DUAL FAN GRAPHICS CARD,PNY,"৳ 31,400","৳ 35,000","৳ 3,600",Out of Stock
Graphics Card,PNY GEFORCE RTX 4080 16GB OC XLR8 GAMING VERTO TF GRAPHICS CARD,PNY,"৳ 172,000","৳ 182,000","৳ 10,000",Out of Stock
Graphics Card,SAPPHIRE PULSE AMD RADEON RX 6500 XT 8GB OC GDDR6 GRAPHICS CARD,SAPPHIRE,"৳ 21,500","৳ 26,500","৳ 5,000",Out of Stock
Graphics Card,GIGABYTE GEFORCE RTX 4080 16GB AERO OC GRAPHICS CARD,GIGABYTE,"৳ 178,000","৳ 182,000","৳ 4,000",Out of Stock
Graphics Card,GIGABYTE GEFORCE RTX 4080 16GB GAMING OC GRAPHICS CARD,GIGABYTE,"৳ 176,500","৳ 190,000","৳ 13,500",Out of Stock
Graphics Card,SAPPHIRE AMD RADEON RX 6600 8GB GDDR6 GRAPHICS CARD,SAPPHIRE,"৳ 28,000","৳ 29,500","৳ 1,500",Out of Stock
Graphics Card,ASRock Intel Arc A380 Challenger ITX 6GB OC Graphics Card,ASRock,"৳ 16,200","৳ 17,500","৳ 1,300",Out of Stock
Graphics Card,ASRock Intel Arc A750 Challenger D 8GB OC Graphics Card,ASRock,"৳ 27,999","৳ 29,500","৳ 1,501",Out of Stock
Graphics Card,ASROCK INTEL ARC A750 CHALLENGER D 8GB OC GDDR6 GRAPHICS CARD,ASROCK,"৳ 28,000","৳ 29,500","৳ 1,500",Out of Stock
Graphics Card,GIGABYTE AORUS GeForce RTX 4090 WINDFORCE 24G 24GB GDDR6X GRAPHICS CARD,GIGABYTE,"৳ 275,000","৳ 282,000","৳ 7,000",Out of Stock
Graphics Card,GIGABYTE GeForce RTX 4090 GAMING OC 24GB GDDR6X GRAPHICS CARD,GIGABYTE,"৳ 245,000","৳ 252,500","৳ 7,500",Out of Stock
Graphics Card,GIGABYTE AORUS GEFORCE RTX 4090 MASTER 24G 24GB GDDR6X GRAPHICS CARD,GIGABYTE,"৳ 291,000","৳ 322,000","৳ 31,000",Out of Stock
Graphics Card,SAPPHIRE PULSE Radeon RX 6650 XT 8GB OC GDDR6 GRAPHICS CARD,SAPPHIRE,"৳ 34,000","৳ 38,500","৳ 4,500",Out of Stock
Graphics Card,SAPPHIRE NITRO+ Radeon RX 6650 XT 8GB OC GDDR6 GRAPHICS CARD,SAPPHIRE,"৳ 35,000","৳ 40,000","৳ 5,000",Out of Stock
Graphics Card,SAPPHIRE PULSE RADEON RX 6750 XT 12GB DDR6 GRAPHICS CARD,SAPPHIRE,"৳ 53,900","৳ 54,900","৳ 1,000",Out of Stock
Graphics Card,SAPPHIRE NITRO+ AMD RADEON RX 6750 XT 12GB DDR6 GRAPHICS CARD,SAPPHIRE,"৳ 83,900","৳ 88,900","৳ 5,000",Out of Stock
Graphics Card,SAPPHIRE NITRO+ AMD RADEON RX 6950 XT PURE Gaming OC 16GB GDDR6 GRAPHICS CARD,SAPPHIRE,"৳ 97,000","৳ 110,000","৳ 13,000",Out of Stock
Graphics Card,SAPPHIRE TOXIC AMD RADEON RX 6950 XT 16GB OC LE GDDR6 GRAPHICS CARD,SAPPHIRE,"৳ 95,900","৳ 118,900","৳ 23,000",Out of Stock
Graphics Card,SAPPHIRE PULSE AMD RADEON RX 6400 4GB GDDR6 GAMING GRAPHICS CARD,SAPPHIRE,"৳ 52,000","৳ 56,000","৳ 4,000",Out of Stock
Graphics Card,ASUS DUAL GEFORCE RTX 3050 OC EDITION 8GB GRAPHICS CARD,ASUS,"৳ 34,500","৳ 47,000","৳ 12,500",Out of Stock
Graphics Card,Gigabyte GeForce GT 1030 Low Profile D4 2GB Graphics Card,Gigabyte,"৳ 9,200","৳ 9,800",৳ 600,Out of Stock
Graphics Card,SAPPHIRE NITRO+ AMD RADEON RX 6700 XT 12GB RDNA GDDR6 GRAPHICS CARD,SAPPHIRE,"৳ 57,900","৳ 59,900","৳ 2,000",Out of Stock
Graphics Card,SAPPHIRE TOXIC RADEON RX 6900 XT 16GB GDDR6 Limited Edition GRAPHICS CARD,SAPPHIRE,"৳ 88,900","৳ 112,000","৳ 23,100",Out of Stock
Graphics Card,ZOTAC GAMING GEFORCE RTX 3050 8GB TWIN EDGE OC GDDR6 GRAPHICS CARD,ZOTAC,"৳ 31,500","৳ 33,500","৳ 2,000",Out of Stock
Graphics Card,ZOTAC GAMING GEFORCE RTX 3050 TWIN EDGE DDR6 GRAPHICS CARD,ZOTAC,"৳ 31,000","৳ 37,500","৳ 6,500",Out of Stock
Graphics Card,COLORFUL IGAME RTX 3060 ULTRA W OC 8GB-V 8GB DDR6 GRAPHICS CARD,COLORFUL,"৳ 42,000","৳ 46,500","৳ 4,500",Out of Stock
Graphics Card,SAPPHIRE PULSE AMD RADEON RX 6500 XT 4G DDR6 GRAPHICS CARD,SAPPHIRE,"৳ 18,500","৳ 19,000",৳ 500,Out of Stock
Graphics Card,Sapphire Pulse AMD Radeon RX 6800 XT 16GB GDDR6 Graphics Card,Sapphire,"৳ 97,900","৳ 100,000","৳ 2,100",Out of Stock
Graphics Card,Sapphire PULSE AMD Radeon RX 6600 8GB Gaming Graphics Card,Sapphire,"৳ 28,500","৳ 29,500","৳ 1,000",Out of Stock
Graphics Card,Sapphire NITRO+ AMD Radeon RX 6600 XT Gaming OC 8GB Graphics Card,Sapphire,"৳ 47,900","৳ 50,999","৳ 3,099",Out of Stock
Graphics Card,Sapphire Pulse AMD Radeon RX 6600 XT Gaming OC 8GB Graphics Card,Sapphire,"৳ 72,000","৳ 75,000","৳ 3,000",Out of Stock
Graphics Card,Sapphire NITRO Plus AMD Radeon RX 6800 XT SE 16GB GAMING Graphics Card,Sapphire,"৳ 113,000","৳ 119,000","৳ 6,000",Out of Stock
Graphics Card,Sapphire Pulse AMD Radeon RX 6700 XT Gaming 12GB Graphics Card,Sapphire,"৳ 54,900","৳ 58,900","৳ 4,000",Out of Stock
Graphics Card,SAPPHIRE NITRO PLUS AMD Radeon RX 6800 Gaming OC 16GB Graphics Card,SAPPHIRE,"৳ 69,000","৳ 87,000","৳ 18,000",Out of Stock
Graphics Card,Sapphire Nitro PLUS AMD Radeon RX 6700 XT Gaming OC 12GB Graphics Card,Sapphire,"৳ 57,900","৳ 62,900","৳ 5,000",Out of Stock
Graphics Card,Sapphire NITRO Plus AMD Radeon RX 6900 XT GAMING OC 16GB Graphics Card,Sapphire,"৳ 115,000","৳ 118,999","৳ 3,999",Out of Stock
Graphics Card,Sapphire NITRO Plus AMD Radeon RX 6900 XT SE GAMING OC 16GB Graphics Card,Sapphire,"৳ 125,000","৳ 132,500","৳ 7,500",Out of Stock
Graphics Card,Colorful iGame GeForce RTX 3060 Ultra W OC 12G-V 12GB GDDR6 Graphics Card,Colorful,"৳ 42,000","৳ 43,500","৳ 1,500",Out of Stock
Graphics Card,Colorful GeForce RTX 3060 NB 12G-V 12GB GDDR6 Graphics Card,Colorful,"৳ 36,800","৳ 38,900","৳ 2,100",Out of Stock
Graphics Card,Gigabyte GeForce RTX 3060 Gaming OC 12G Graphics Card,Gigabyte,"৳ 39,000","৳ 40,000","৳ 1,000",Out of Stock
Graphics Card,ZOTAC GAMING GeForce RTX 3060 Twin Edge OC 12GB Graphics card,ZOTAC,"৳ 38,900","৳ 39,500",৳ 600,Out of Stock
Graphics Card,Msi GeForce GT 1030 OC 2GB Graphics Card,Msi,"৳ 9,800","৳ 11,000","৳ 1,200",Out of Stock
Graphics Card,Gigabyte GeForce GT 710 2GB Graphics Card,Gigabyte,"৳ 5,800","৳ 7,100","৳ 1,300",Out of Stock
